field_id,state,year,Area,scalar_difference,state_annual_yield,Annual_Yield,n_in_season_fortnights
1.0,Texas,2019,26.514191151980175,0.31370907410210874,33.8,1177.3193525985957,12
1.0,Texas,2021,26.514191151980175,0.08889568998860584,30.9,892.1197236897899,11
1.0,Texas,2022,26.514191151980175,0.082517466103434,22.6,648.6668954886949,14
2.0,Texas,2019,0.4456143811377161,-0.2312016742191475,33.8,11.579460547494083,11
2.0,Texas,2021,0.4456143811377161,0.08508091787958542,30.9,14.941004746692423,11
2.0,Texas,2022,0.4456143811377161,0.15656341701183063,22.6,11.647617183792432,14
3.0,Texas,2019,0.6684281698619035,0.0699602273047011,33.8,24.173474611805993,13
3.0,Texas,2021,0.6684281698619035,-0.027029626602009537,30.9,20.09614890602639,11
3.0,Texas,2022,0.6684281698619035,0.03709603039100032,22.6,15.666866955375813,14
4.0,Texas,2019,0.668427954434238,-0.08915615442089903,33.8,20.578571911619523,14
4.0,Texas,2021,0.668427954434238,0.1285781078336365,30.9,23.310130521589663,11
4.0,Texas,2022,0.668427954434238,0.16310200388722443,22.6,17.570367587601435,14
5.0,Texas,2019,3.5649418388421306,-0.007918255673496414,33.8,119.54092366505495,13
5.0,Texas,2021,3.5649418388421306,0.018102365930538187,30.9,112.15079976437502,11
5.0,Texas,2022,3.5649418388421306,0.14128762363469666,22.6,91.95090239204573,14
6.0,Texas,2019,0.2228038205647488,-0.04284775232693425,33.8,7.208092604356915,13
6.0,Texas,2021,0.2228038205647488,0.046990800678088376,30.9,7.208152710055205,11
6.0,Texas,2022,0.2228038205647488,-0.02806667998439729,22.6,4.894040328960646,14
7.0,Texas,2019,0.2228098001815456,-0.036807786376711,33.8,7.253772865299305,13
7.0,Texas,2021,0.2228098001815456,-0.01751875281756103,30.9,6.764209316335199,10
7.0,Texas,2022,0.2228098001815456,0.19195203727994625,22.6,6.002076252702681,14
8.0,Texas,2019,0.2228098454179167,-0.16083944142888923,33.8,6.319695320558214,13
8.0,Texas,2021,0.2228098454179167,-0.14619872934141154,30.9,5.878271670211584,10
8.0,Texas,2022,0.2228098454179167,0.11606086335914208,22.6,5.619927274790039,14
9.0,Texas,2019,0.6684114545400228,0.03957552751622802,33.8,23.48640963725507,13
9.0,Texas,2021,0.6684114545400228,0.04503510404944557,30.9,21.58406510884099,11
9.0,Texas,2022,0.6684114545400228,0.00995800042614842,22.6,15.256525411615351,14
10.0,Texas,2019,1.336825152117072,0.1337373424955148,33.8,51.22757052257215,13
10.0,Texas,2021,1.336825152117072,0.11975614227341981,30.9,46.25477161456653,11
10.0,Texas,2022,1.336825152117072,-0.02897694405645224,22.6,29.336789805042734,14
11.0,Texas,2019,7.352727616663518,-0.21256234896662285,33.8,195.69573223459713,14
11.0,Texas,2021,7.352727616663518,-0.05230389354955672,30.9,215.3158762237723,11
11.0,Texas,2022,7.352727616663518,0.13529466710118154,22.6,188.6537814117122,14
12.0,Texas,2019,6.907102521351577,-0.07370528488947053,33.8,216.25282460420473,14
12.0,Texas,2021,6.907102521351577,0.06160130886932622,30.9,226.577002484289,10
12.0,Texas,2022,6.907102521351577,0.1534482826464835,22.6,180.05387323374552,14
13.0,Texas,2019,0.4456076730917048,0.009522227757785932,33.8,15.204958758577934,13
13.0,Texas,2021,0.4456076730917048,-0.026826830999277445,30.9,13.399891028829094,11
13.0,Texas,2022,0.4456076730917048,0.013306202230028461,22.6,10.204736627255611,14
14.0,Texas,2019,0.4456066854536076,-0.02000448834466811,33.8,14.76020824773529,12
14.0,Texas,2021,0.4456066854536076,0.02154349067063829,30.9,14.065884215765548,11
14.0,Texas,2022,0.4456066854536076,-0.06854132524514588,22.6,9.380451206896163,14
15.0,Texas,2019,0.4456199330721418,-0.20774024662422744,33.8,11.93297975369714,13
15.0,Texas,2021,0.4456199330721418,-0.1648371851933426,30.9,11.499904607029162,11
15.0,Texas,2022,0.4456199330721418,-0.0365497962238095,22.6,9.702917106346977,14
16.0,Texas,2019,0.4456068729645021,0.0066822047189880095,33.8,15.162156414807757,11
16.0,Texas,2021,0.4456068729645021,-0.2781069127429167,30.9,9.939928105924166,11
16.0,Texas,2022,0.4456068729645021,0.08470488895300292,22.6,10.923754152617805,14
17.0,Texas,2019,0.2228038311655331,-0.02875643479297715,33.8,7.314211411517262,13
17.0,Texas,2021,0.2228038311655331,-0.11640798191231687,30.9,6.083211522652124,11
17.0,Texas,2022,0.2228038311655331,-0.13919325972926475,22.6,4.334477495534804,14
18.0,Texas,2019,0.2228097702811223,-0.18180220925627952,33.8,6.161823208844398,14
18.0,Texas,2021,0.2228097702811223,0.007458180332866795,30.9,6.936170144989129,10
18.0,Texas,2022,0.2228097702811223,0.05458380682308345,22.6,5.3103576117340054,14
19.0,Texas,2019,0.4456195880266477,-0.17824955848899057,33.8,12.377157550391592,14
19.0,Texas,2021,0.4456195880266477,0.042863670057561365,30.9,14.359862801687358,10
19.0,Texas,2022,0.4456195880266477,-0.0025582729362696338,22.6,10.045238315780843,14
20.0,Texas,2019,2.2280993525702235,-0.21669146371443027,33.8,58.990776398548526,14
20.0,Texas,2021,2.2280993525702235,-0.08096569084675584,30.9,63.273922250717725,10
20.0,Texas,2022,2.2280993525702235,0.05472560780608002,22.6,53.11075583195836,14
21.0,Texas,2019,1.336859443280924,-0.26471381191733967,33.8,33.22453080096902,13
21.0,Texas,2021,1.336859443280924,-0.12873391888342609,30.9,35.9910929038676,11
21.0,Texas,2022,1.336859443280924,-0.05408988045559595,22.6,28.57880459325909,14
22.0,Texas,2019,0.2228099811225569,-0.21379820394068214,33.8,5.920867928041196,13
22.0,Texas,2021,0.2228099811225569,-0.20190226361509295,30.9,5.494765974756385,11
22.0,Texas,2022,0.2228099811225569,0.03895609456776771,22.6,5.2316692046825,14
23.0,Texas,2019,0.668425204609672,-0.07758673470850684,33.8,20.8398725148454,13
23.0,Texas,2021,0.668425204609672,0.24028737257737884,30.9,25.617315630405656,10
23.0,Texas,2022,0.668425204609672,0.2551348512002203,22.6,18.96058119581297,14
24.0,Texas,2019,0.2228135482374958,0.027391612178455885,33.8,7.737386844215595,13
24.0,Texas,2021,0.2228135482374958,-0.1297860187958302,30.9,5.9913698647295375,11
24.0,Texas,2022,0.2228135482374958,-0.09104321622453353,22.6,4.57713022783872,14
25.0,Texas,2019,0.2228135694083278,-0.005768293621170141,33.8,7.4876570577213455,13
25.0,Texas,2021,0.2228135694083278,-0.09665144573069087,30.9,6.219499958114856,11
25.0,Texas,2022,0.2228135694083278,-0.07520509642209756,22.6,4.656884887672195,14
26.0,Texas,2019,0.2228005150236032,0.07339105970454933,33.8,8.083340335227982,13
26.0,Texas,2021,0.2228005150236032,0.19876776515431713,30.9,8.252959732025339,11
26.0,Texas,2022,0.2228005150236032,-0.1997571903086165,22.6,4.029455929235767,14
27.0,Texas,2019,0.2228034488024081,0.3021045320227636,33.8,9.805832258734005,13
27.0,Texas,2021,0.2228034488024081,-0.04457357702546418,30.9,6.577754135374354,12
27.0,Texas,2022,0.2228034488024081,-0.7851391227343729,22.6,1.0819014249653336,14
28.0,Texas,2019,0.2228005007377032,0.10978900676529535,33.8,8.357440269013104,13
28.0,Texas,2021,0.2228005007377032,0.2256851568332044,30.9,8.438272940696534,11
28.0,Texas,2022,0.2228005007377032,-0.15310849499367254,22.6,4.26434544132172,14
29.0,Texas,2019,0.2228029069768876,0.19860018021993628,33.8,9.026344230613581,10
29.0,Texas,2021,0.2228029069768876,-0.2701116529384945,30.9,5.024996485760239,12
29.0,Texas,2022,0.2228029069768876,-0.05822421905999452,22.6,4.742166626733275,14
30.0,Texas,2019,0.4456058709024368,0.24455691935919344,33.8,18.7448672039283,10
30.0,Texas,2021,0.4456058709024368,-0.23549236359412168,30.9,10.526674915985131,12
30.0,Texas,2022,0.4456058709024368,-0.13430059316660284,22.6,8.718192681550848,14
31.0,Texas,2019,0.4456057165078042,0.24572631932368555,33.8,18.762473595406288,11
31.0,Texas,2021,0.4456057165078042,-0.09003880487023305,30.9,12.529452829818014,12
31.0,Texas,2022,0.4456057165078042,0.010546354273835887,22.6,10.17689824908825,14
32.0,Texas,2019,2.4508065903820357,0.27980715277678697,33.8,106.01572139018752,13
32.0,Texas,2021,2.4508065903820357,0.13196976246655465,30.9,85.72398367755618,11
32.0,Texas,2022,2.4508065903820357,-0.11134231854505619,22.6,49.221175112056756,14
33.0,Texas,2019,1.5596270144541824,-0.19304123844614535,33.8,42.53914832156204,13
33.0,Texas,2021,1.5596270144541824,-0.24673810720328257,30.9,36.30155474620771,12
33.0,Texas,2022,1.5596270144541824,-0.20873026085766686,22.6,27.890335936034827,14
34.0,Texas,2019,0.2228015013769651,-0.07173103252627583,33.8,6.990506523655933,12
34.0,Texas,2021,0.2228015013769651,-0.023603388501919353,30.9,6.722067297317649,11
34.0,Texas,2022,0.2228015013769651,0.2510628073155276,22.6,6.299493982381237,14
35.0,Texas,2019,1.5596036532897637,0.17976286637078773,33.8,62.190731702572954,13
35.0,Texas,2021,1.5596036532897637,0.19886324246788303,30.9,57.77532112590462,11
35.0,Texas,2022,1.5596036532897637,-0.19111377880969707,22.6,28.510847068009753,14
36.0,Texas,2019,0.4456076418007903,-0.08824859322696291,33.8,13.732378726687191,13
36.0,Texas,2021,0.4456076418007903,-0.2438791781906338,30.9,10.41123638437907,11
36.0,Texas,2022,0.4456076418007903,-0.1445803583759079,22.6,8.61470256114467,14
37.0,Texas,2019,0.2228037732361814,-0.15559107153864582,33.8,6.359047345044253,13
37.0,Texas,2021,0.2228037732361814,-0.31890997836882806,30.9,4.689057286047769,11
37.0,Texas,2022,0.2228037732361814,-0.09126391322936701,22.6,4.5758181355893655,14
38.0,Texas,2019,1.559603519793074,0.05919129197252313,33.8,55.834844187794786,14
38.0,Texas,2021,1.559603519793074,0.16998385427028176,30.9,56.38356796012885,11
38.0,Texas,2022,1.559603519793074,-0.2547490223191383,22.6,26.267890682998814,14
39.0,Texas,2019,6.906918986223472,-0.10786598545033746,33.8,208.2721308811905,13
39.0,Texas,2021,6.906918986223472,-0.28520733072728965,30.9,152.55376531114285,11
39.0,Texas,2022,6.906918986223472,-0.07675110168099812,22.6,144.11580079269285,14
40.0,Texas,2019,15.373714194082718,0.09627159811975439,33.8,569.6572985261193,14
40.0,Texas,2021,15.373714194082718,-0.036210985121750805,30.9,457.8458209163634,11
40.0,Texas,2022,15.373714194082718,0.038486271543057726,22.6,360.81783960990293,14
41.0,Texas,2019,13.368515747310726,0.1041837212651175,33.8,498.9318543392025,13
41.0,Texas,2021,13.368515747310726,0.22103632690012195,30.9,504.39439995386425,10
41.0,Texas,2022,13.368515747310726,0.28160583794670196,22.6,387.20959287745006,14
42.0,Texas,2019,0.2228084980453376,0.0216060348215554,33.8,7.693640709987354,12
42.0,Texas,2021,0.2228084980453376,0.12293084092566883,30.9,7.731134702930977,10
42.0,Texas,2022,0.2228084980453376,0.34543114508685624,22.6,6.774880934120998,14
43.0,Texas,2019,0.4456169986803578,0.06376129117857227,33.8,16.022217849392007,12
43.0,Texas,2021,0.4456169986803578,0.1430234173192242,30.9,15.738935537597206,10
43.0,Texas,2022,0.4456169986803578,0.35685643078406165,22.6,13.66482536137068,14
44.0,Texas,2019,0.2228063041195171,-0.1330864725122892,33.8,6.528598407915357,13
44.0,Texas,2021,0.2228063041195171,-0.24517917223726438,30.9,5.196726122203116,11
44.0,Texas,2022,0.2228063041195171,0.0604115748893191,22.6,5.339620274934193,14
45.0,Texas,2019,16.933352977482084,0.16415598612804153,33.8,666.3015711076744,14
45.0,Texas,2021,16.933352977482084,0.13997319031910574,30.9,596.4802640710791,10
45.0,Texas,2022,16.933352977482084,0.10277578744302646,22.6,422.0254316017336,14
46.0,Texas,2019,26.291252383042245,0.3084024247492409,33.8,1162.7043968271355,13
46.0,Texas,2021,26.291252383042245,0.2478775641763314,30.9,1013.775357071484,10
46.0,Texas,2022,26.291252383042245,0.0787641744772072,22.6,640.9825825089971,14
47.0,Texas,2019,9.580764048678336,0.2965620113873259,33.8,419.86544904866355,12
47.0,Texas,2021,9.580764048678336,-0.02030493196018184,30.9,290.03442315419,10
47.0,Texas,2022,9.580764048678336,0.25085619576431206,22.6,270.84197239206316,14
48.0,Texas,2019,0.2228085174407531,0.10989028590276582,33.8,8.358503708387442,12
48.0,Texas,2021,0.2228085174407531,0.23504628152319182,30.9,8.503025876568127,9
48.0,Texas,2022,0.2228085174407531,0.3923234755780256,22.6,7.011006564247822,14
49.0,Texas,2019,2.228085095851111,0.09312796036757365,33.8,82.32267553273529,12
49.0,Texas,2021,2.228085095851111,0.11319538696491288,30.9,76.64108615942204,10
49.0,Texas,2022,2.228085095851111,0.2937305142099234,22.6,65.1454418947517,14
50.0,Texas,2019,0.8912344318020861,0.060998145232878456,33.8,31.961215073907574,14
50.0,Texas,2021,0.8912344318020861,0.10791465130350311,30.9,30.511021058456233,10
50.0,Texas,2022,0.8912344318020861,0.3089529861926564,22.6,26.36479774245426,14
51.0,Texas,2019,0.2228070900800435,-0.006045889640835781,33.8,7.485348777475164,13
51.0,Texas,2021,0.2228070900800435,0.1929941520237279,30.9,8.2134534647929,10
51.0,Texas,2022,0.2228070900800435,0.023574725930631618,22.6,5.1541493593082555,14
52.0,Texas,2019,0.2228071133095374,0.04510105191315399,33.8,7.870531059081341,13
52.0,Texas,2021,0.2228071133095374,0.14373872681321448,30.9,7.874343534738757,9
52.0,Texas,2022,0.2228071133095374,0.06275765512124226,22.6,5.351453215444998,14
53.0,Texas,2019,0.2228136671706183,0.21203257945705611,33.8,9.127940923057258,14
53.0,Texas,2021,0.2228136671706183,0.1619770631847148,30.9,8.000145052044644,10
53.0,Texas,2022,0.2228136671706183,0.07461018485398166,22.6,5.411295095096384,13
54.0,Texas,2019,0.222807158778963,0.15106884921067287,33.8,8.6685636389841,13
54.0,Texas,2021,0.222807158778963,-0.026202183941775602,30.9,6.704345950791749,10
54.0,Texas,2022,0.222807158778963,0.05692560105275644,22.6,5.322087338775661,14
55.0,Texas,2019,0.2228073016414618,0.2694159235026243,33.8,9.559827616279751,12
55.0,Texas,2021,0.2228073016414618,0.23432720086505981,30.9,8.498028790692741,10
55.0,Texas,2022,0.2228073016414618,0.1673533659147049,22.6,5.878143689586656,14
56.0,Texas,2019,1.3368378990415362,0.03111037303084811,33.8,46.59084695697228,13
56.0,Texas,2021,1.3368378990415362,-0.0025255704536937436,30.9,41.20396408093826,10
56.0,Texas,2022,1.3368378990415362,0.19802512588325533,22.6,36.195377865635194,14
57.0,Texas,2019,1.5596591307728818,0.32220689586288687,33.8,69.7020915571356,12
57.0,Texas,2021,1.5596591307728818,0.15727907026569096,30.9,55.7732908456801,9
57.0,Texas,2022,1.5596591307728818,0.3547129231871641,22.6,47.75132259308234,14
58.0,Texas,2019,0.2228062627600767,0.09260736567449798,33.8,8.228264016780278,13
58.0,Texas,2021,0.2228062627600767,-0.027216608639703606,30.9,6.697334965835476,10
58.0,Texas,2022,0.2228062627600767,0.10197575328846081,22.6,5.548912442878744,14
59.0,Texas,2019,2.673686541909193,0.2597787239651337,33.8,113.84696559766004,12
59.0,Texas,2021,2.673686541909193,0.05409762648958903,30.9,87.08629310813238,10
59.0,Texas,2022,2.673686541909193,0.09755509087764044,22.6,66.32011302592639,14
60.0,Texas,2019,3.78770661537188,0.08946352033348985,33.8,139.47800459126418,13
60.0,Texas,2021,3.78770661537188,-0.06182610196638227,30.9,109.80399913049077,11
60.0,Texas,2022,3.78770661537188,0.08766396924746514,22.6,93.10639546261791,14
61.0,Texas,2019,1.3368434777231135,0.13178172689325657,33.8,51.13990766935669,12
61.0,Texas,2021,1.3368434777231135,0.2644785347522932,30.9,52.233665350848504,10
61.0,Texas,2022,1.3368434777231135,0.14718460577924264,22.6,34.65950143035572,14
62.0,Texas,2019,0.2228073544510632,0.2218285236680273,33.8,9.201454476154664,11
62.0,Texas,2021,0.2228073544510632,0.2385024098468952,30.9,8.526776063454921,10
62.0,Texas,2022,0.2228073544510632,0.11470703606179913,22.6,5.613047320659888,14
63.0,Texas,2019,1.5596590118829794,0.30805240409893603,33.8,68.95591133830185,12
63.0,Texas,2021,1.5596590118829794,0.13642031775325414,30.9,54.76803106700716,9
63.0,Texas,2022,1.5596590118829794,0.2951455821432081,22.6,45.65167182291585,14
64.0,Texas,2019,7.798258114018261,0.20993681114092536,33.8,318.91650495660366,12
64.0,Texas,2021,7.798258114018261,0.2442663123169374,30.9,299.8260948601767,10
64.0,Texas,2022,7.798258114018261,0.13587313468677303,22.6,200.1870006929026,14
65.0,Texas,2019,1.7824257172808575,0.21516076709049345,33.8,73.20856250397765,13
65.0,Texas,2021,1.7824257172808575,-0.09940282969890415,30.9,49.60214951918078,12
65.0,Texas,2022,1.7824257172808575,-0.02902199415860281,22.6,39.11373340868283,14
66.0,Texas,2019,0.2228030326088129,0.34922034245110256,33.8,10.160630977699505,12
66.0,Texas,2021,0.2228030326088129,-0.18722427616966508,30.9,5.595646889496847,12
66.0,Texas,2022,0.2228030326088129,0.07645587940279754,22.6,5.420330537451976,14
67.0,Texas,2019,0.2228031332967406,0.13851262035350206,33.8,8.573849254007325,12
67.0,Texas,2021,0.2228031332967406,-0.17483457715734513,30.9,5.680947748451926,12
67.0,Texas,2022,0.2228031332967406,-0.06498124767926655,22.6,4.708147434206867,14
68.0,Texas,2019,0.2228031138876851,0.3213395441064006,33.8,9.9506714946286,12
68.0,Texas,2021,0.2228031138876851,-0.08653766960086011,30.9,6.28883757542972,12
68.0,Texas,2022,0.2228031138876851,0.05773863034296066,22.6,5.326084607745371,14
69.0,Texas,2019,0.2228031357052625,0.24157821757899048,33.8,9.3500101793783,12
69.0,Texas,2021,0.2228031357052625,-0.1542372776579025,30.9,5.8227523259535525,12
69.0,Texas,2022,0.2228031357052625,-0.03561405166067583,22.6,4.856021621034141,14
70.0,Texas,2019,0.4456064277154261,,33.8,,12
70.0,Texas,2021,0.4456064277154261,,30.9,,12
70.0,Texas,2022,0.4456064277154261,,22.6,,14
71.0,Texas,2019,0.8912127432172465,,33.8,,12
71.0,Texas,2021,0.8912127432172465,,30.9,,12
71.0,Texas,2022,0.8912127432172465,,22.6,,14
72.0,Texas,2019,0.2228070351726815,-0.16211746162690063,33.8,6.309990997888032,13
72.0,Texas,2021,0.2228070351726815,0.3201836919193395,30.9,9.08911802124807,10
72.0,Texas,2022,0.2228070351726815,0.19232896970812977,22.6,6.003899788820361,14
73.0,Texas,2019,0.4456142169332315,-0.24076035676053034,33.8,11.435485693134593,13
73.0,Texas,2021,0.4456142169332315,0.192688353144791,30.9,16.422697593838844,10
73.0,Texas,2022,0.4456142169332315,0.10806696626858574,22.6,11.159210892723877,14
74.0,Texas,2019,0.4456139021028411,-0.04485004574901347,33.8,14.386229719401069,14
74.0,Texas,2021,0.4456139021028411,0.3049646245532248,30.9,17.96867069420794,10
74.0,Texas,2022,0.4456139021028411,0.18448443621995728,22.6,11.928793734251734,14
75.0,Texas,2019,0.6684209850308516,-0.16865654703125654,33.8,18.78223444895231,14
75.0,Texas,2021,0.6684209850308516,0.22429514709833284,30.9,25.28684715713153,10
75.0,Texas,2022,0.6684209850308516,0.1505446409440893,22.6,17.380488918213036,14
76.0,Texas,2019,3.1192988384889557,-0.1687034015493822,33.8,87.6455129727549,14
76.0,Texas,2021,3.1192988384889557,0.2434668062695492,30.9,119.85320704293183,10
76.0,Texas,2022,3.1192988384889557,0.19565666887094574,22.6,84.28919636076017,14
77.0,Texas,2019,0.2228070006002652,-0.09624451226043478,33.8,6.806071073075741,14
77.0,Texas,2021,0.2228070006002652,0.3967215222396019,30.9,9.616059391060906,10
77.0,Texas,2022,0.2228070006002652,0.21547230449179292,22.6,6.120435689569097,14
78.0,Texas,2019,6.23859378084862,-0.03131697324738657,33.8,204.26083283336152,14
78.0,Texas,2021,6.23859378084862,0.30927547901556857,30.9,252.3923698988474,10
78.0,Texas,2022,6.23859378084862,0.2679880749773479,22.6,178.77645292361206,14
79.0,Texas,2019,0.4456138107011845,0.01892350635193585,33.8,15.346767862973257,14
79.0,Texas,2021,0.4456138107011845,0.43136476387549655,30.9,19.7091295242594,10
79.0,Texas,2022,0.4456138107011845,0.3820807995729632,22.6,13.918758994559049,14
80.0,Texas,2019,0.2228070295226962,-0.029795822410157706,33.8,7.306488906368448,13
80.0,Texas,2021,0.2228070295226962,0.14734862552337719,30.9,7.899193777566191,10
80.0,Texas,2022,0.2228070295226962,0.3302178216777233,22.6,6.698230521135333,14
81.0,Texas,2019,0.4456138400351468,-0.004402968825717188,33.8,14.995431387193738,14
81.0,Texas,2021,0.4456138400351468,0.4160774749467567,30.9,19.498632991207426,10
81.0,Texas,2022,0.4456138400351468,0.367744296639439,22.6,13.774378813583771,14
82.0,Texas,2019,13.59122934067462,-0.0781347515585569,33.8,423.4897320314786,14
82.0,Texas,2021,13.59122934067462,0.23811851791142602,30.9,519.9713792911937,10
82.0,Texas,2022,13.59122934067462,0.31328787153543425,22.6,403.3918443434381,14
83.0,Texas,2019,1.1140206131811492,0.3002170916998294,33.8,48.95824009162504,12
83.0,Texas,2021,1.1140206131811492,0.1670998320657571,30.9,40.17535406035069,10
83.0,Texas,2022,1.1140206131811492,0.11859433230649932,22.6,28.162699453881206,14
84.0,Texas,2019,1.7824331499526749,0.3254692537661021,33.8,79.85453939586384,12
84.0,Texas,2021,1.7824331499526749,0.17505216552851913,30.9,64.71856472233685,10
84.0,Texas,2022,1.7824331499526749,0.1746025460988704,22.6,47.31650166579099,14
85.0,Texas,2019,0.222810933916334,-0.1739782903840189,33.8,6.220777397148981,13
85.0,Texas,2021,0.222810933916334,-0.10146422829041161,30.9,6.18629106856208,10
85.0,Texas,2022,0.222810933916334,0.05458221479395186,22.6,5.310377328637397,14
86.0,Texas,2019,0.2228070581170184,-0.13658705662548334,33.8,6.502258027445997,13
86.0,Texas,2021,0.2228070581170184,0.15305611075454476,30.9,7.938489332325095,10
86.0,Texas,2022,0.2228070581170184,0.25817550277215173,22.6,6.3354666415069385,14
87.0,Texas,2019,1.78243219074241,0.3594912963866051,33.8,81.9041954803202,12
87.0,Texas,2021,1.78243219074241,0.164963410394273,30.9,64.16286996706583,10
87.0,Texas,2022,1.78243219074241,0.17196936976087263,22.6,47.21040404570475,14
88.0,Texas,2019,0.8912279925216308,-0.11456262100963213,33.8,26.67247832900456,13
88.0,Texas,2021,0.8912279925216308,0.26503559484199524,30.9,34.83774563007665,10
88.0,Texas,2022,0.8912279925216308,0.29564061213346443,22.6,26.096472708255224,14
89.0,Texas,2019,0.222807102691652,-0.12495190488218766,33.8,6.589882260669851,13
89.0,Texas,2021,0.222807102691652,0.13598437786927167,30.9,7.820956487223365,10
89.0,Texas,2022,0.222807102691652,0.3421855474968055,22.6,6.7584954923396054,14
90.0,Texas,2019,2.4508453973000077,0.31821827669587477,33.8,109.19932282739694,12
90.0,Texas,2021,2.4508453973000077,0.20431545098755055,30.9,91.20416128045875,10
90.0,Texas,2022,2.4508453973000077,0.16805448397706588,22.6,64.6974936022287,14
91.0,Texas,2019,0.2228108580300151,-0.15104663290786177,33.8,6.393473751445316,14
91.0,Texas,2021,0.2228108580300151,-0.05766109405660453,30.9,6.487867211818891,10
91.0,Texas,2022,0.2228108580300151,0.10624752911291305,22.6,5.57053752210825,14
92.0,Texas,2019,0.2228071088418651,-0.21277512431677176,33.8,5.928496291306935,12
92.0,Texas,2021,0.2228071088418651,0.0653715225431334,30.9,7.334805577311006,10
92.0,Texas,2022,0.2228071088418651,0.19174518740555396,22.6,6.000962172814063,14
93.0,Texas,2019,0.2228069909335644,-0.07868214354228582,33.8,6.938330804025825,12
93.0,Texas,2021,0.2228069909335644,0.12520199656842101,30.9,7.746718715378527,10
93.0,Texas,2022,0.2228069909335644,0.26585451748646327,22.6,6.374131933618486,14
94.0,Texas,2019,0.222807112128923,-0.16209375111678448,33.8,6.310171738337538,12
94.0,Texas,2021,0.222807112128923,0.012435990253779401,30.9,6.970358321398378,10
94.0,Texas,2022,0.222807112128923,0.14176652851853133,22.6,5.749297686549758,14
95.0,Texas,2019,5.792893527894285,0.07965185242907413,33.8,211.3956181170625,12
95.0,Texas,2021,5.792893527894285,-0.18629090085675518,30.9,145.6542623770818,11
95.0,Texas,2022,5.792893527894285,-0.0661136011770903,22.6,122.26384114697201,14
96.0,Texas,2019,0.2228069905924574,-0.07279225202305464,33.8,6.982686837749447,12
96.0,Texas,2021,0.2228069905924574,0.13325114050141487,30.9,7.802134934598242,10
96.0,Texas,2022,0.2228069905924574,0.2552631070979139,22.6,6.320799533649456,14
97.0,Texas,2019,0.2228036417719064,0.06354741392683058,33.8,8.009323611275695,12
97.0,Texas,2021,0.2228036417719064,0.024765237244995842,30.9,7.055132088720594,10
97.0,Texas,2022,0.2228036417719064,-0.08644601629712334,22.6,4.600075292247683,14
98.0,Texas,2019,0.2228108130367068,-0.4185935339900001,33.8,4.378575282001244,14
98.0,Texas,2021,0.2228108130367068,-0.43794640816728675,30.9,3.869656988983248,10
98.0,Texas,2022,0.2228108130367068,-0.09524017547425498,22.6,4.555940149584965,14
99.0,Texas,2019,0.2228045619051158,0.15431907229958378,33.8,8.692939365842081,12
99.0,Texas,2021,0.2228045619051158,0.08228043455462715,30.9,7.45113385865414,9
99.0,Texas,2022,0.2228045619051158,0.33432662061157303,22.6,6.718845714047513,14
100.0,Texas,2019,0.4456090439316005,0.0653931460819693,33.8,16.04651015780608,12
100.0,Texas,2021,0.4456090439316005,0.09054502751698759,30.9,15.01606286665476,9
100.0,Texas,2022,0.4456090439316005,0.3065718908499499,22.6,13.158177675075825,14
101.0,Texas,2019,2.228046075204756,0.1016701262816012,33.8,82.96452687488326,12
101.0,Texas,2021,2.228046075204756,-0.10582328400152244,30.9,61.56104790895447,10
101.0,Texas,2022,2.228046075204756,0.27413621906951036,22.6,64.15765296913354,14
102.0,Texas,2019,0.2228046265649955,0.08811043118890503,33.8,8.194338093949183,13
102.0,Texas,2021,0.2228046265649955,-0.12035206560537053,30.9,6.056079552522271,9
102.0,Texas,2022,0.2228046265649955,0.25272438763327615,22.6,6.307949039886181,14
103.0,Texas,2019,0.2228041492987072,0.16085663005718337,33.8,8.742156178416732,12
103.0,Texas,2021,0.2228041492987072,0.014890459286654814,30.9,6.987163787253584,11
103.0,Texas,2022,0.2228041492987072,0.12122033334167832,22.6,5.645763461553287,14
104.0,Texas,2019,2.228045939413025,0.01524893973529584,33.8,76.45631918526642,13
104.0,Texas,2021,2.228045939413025,-0.2769374076788913,30.9,49.7804151883613,10
104.0,Texas,2022,2.228045939413025,0.24925893482465153,22.6,62.90498231246003,14
105.0,Texas,2019,30.52406213865626,0.13331607257651534,33.8,1169.2572655057434,13
105.0,Texas,2021,30.52406213865626,0.34789890350561603,30.9,1271.3295115154706,10
105.0,Texas,2022,30.52406213865626,0.3058729011341284,22.6,900.8483300945634,14
106.0,Texas,2019,0.2228041043058831,0.153776403929792,33.8,8.688834796743194,12
106.0,Texas,2021,0.2228041043058831,0.08362669878654015,30.9,7.46038710917485,11
106.0,Texas,2022,0.2228041043058831,0.14592556422119232,22.6,5.770162367987873,14
107.0,Texas,2019,1.1140206410518976,0.16061437803971715,33.8,43.701655022199496,12
107.0,Texas,2021,1.1140206410518976,0.0214928964363188,30.9,35.16309289372458,11
107.0,Texas,2022,1.1140206410518976,0.08965802334866352,22.6,27.434174571179813,14
108.0,Texas,2019,15.819215677097391,0.21098391241345787,33.8,647.5003703883733,13
108.0,Texas,2021,15.819215677097391,0.011795397155541025,30.9,494.57951690876564,10
108.0,Texas,2022,15.819215677097391,-0.021658505589931053,22.6,349.77104939394235,14
109.0,Texas,2019,0.222806046693263,-0.0648131346322259,33.8,7.042746747651578,13
109.0,Texas,2021,0.222806046693263,-0.04419246889542402,30.9,6.580454649816311,10
109.0,Texas,2022,0.222806046693263,0.09566280257263665,22.6,5.517118724631589,14
110.0,Texas,2019,0.6684123410663715,0.14454890072748705,33.8,25.858034624766816,12
110.0,Texas,2021,0.6684123410663715,0.0937571487390704,30.9,22.590395989114935,11
110.0,Texas,2022,0.6684123410663715,0.18126967519296885,22.6,17.84440017599765,14
111.0,Texas,2019,0.2228041453617024,0.1661749181956722,33.8,8.782206882490389,12
111.0,Texas,2021,0.2228041453617024,0.05651494106902944,30.9,7.273733572858713,11
111.0,Texas,2022,0.2228041453617024,0.12020965230781458,22.6,5.640674205109217,14
112.0,Texas,2019,7.798314231489738,0.01827589020494368,33.8,268.40023537648153,12
112.0,Texas,2021,7.798314231489738,-0.03463852359542283,30.9,232.62113712531274,10
112.0,Texas,2022,7.798314231489738,-0.047179534394210264,22.6,167.92689077193577,14
113.0,Texas,2019,0.4456069224637048,0.05149882289294504,33.8,15.837164220191429,13
113.0,Texas,2021,0.4456069224637048,0.45602743778666993,30.9,20.04841148226229,10
113.0,Texas,2022,0.4456069224637048,0.38989691632379264,22.6,13.997257735801355,14
114.0,Texas,2019,1.114017631277122,0.02261378430871625,33.8,38.50529075689422,13
114.0,Texas,2021,1.114017631277122,0.263668460007037,30.9,43.49944238618241,10
114.0,Texas,2022,1.114017631277122,0.18821740679142768,22.6,29.915510185606298,14
115.0,Texas,2019,0.2228014107610531,0.012238223697038562,33.8,7.622849924189537,12
115.0,Texas,2021,0.2228014107610531,0.05375149935103296,30.9,7.254619207991839,11
115.0,Texas,2022,0.2228014107610531,0.14483051115327802,22.6,5.764578677059802,14
116.0,Texas,2019,0.2228029426548716,-0.03824794620448542,33.8,7.242704143922237,12
116.0,Texas,2021,0.2228029426548716,-0.47373650931076383,30.9,3.623119379025241,10
116.0,Texas,2022,0.2228029426548716,0.3137460185400431,22.6,6.615166421599654,14
117.0,Texas,2019,0.2228040779544689,-0.0018644098436111413,33.8,7.516737378535685,12
117.0,Texas,2021,0.2228040779544689,-0.03685306207223295,30.9,6.630925722085687,11
117.0,Texas,2022,0.2228040779544689,0.04864446001948013,22.6,5.280315121577471,14
118.0,Texas,2019,0.6684126048749998,0.21210649921010238,33.8,27.38432947327542,12
118.0,Texas,2021,0.6684126048749998,-0.04555764465285767,30.9,19.713004199064954,11
118.0,Texas,2022,0.6684126048749998,0.026317670666116486,22.6,15.503682889549495,14
119.0,Texas,2019,3.119286215017936,-0.09393644676264738,33.8,95.5279784421684,14
119.0,Texas,2021,3.119286215017936,-0.026214119992690896,30.9,93.8592713412746,10
119.0,Texas,2022,3.119286215017936,0.1859826920271689,22.6,83.60687985227877,14
120.0,Texas,2019,0.8912309161181358,0.019630611417820895,33.8,30.714949748360777,13
120.0,Texas,2021,0.8912309161181358,0.19083476984136968,30.9,32.79444077271555,10
120.0,Texas,2022,0.8912309161181358,0.10084889540464416,22.6,22.17309887203609,14
121.0,Texas,2019,0.2228028890339221,-0.02427771153394412,33.8,7.347908573057918,12
121.0,Texas,2021,0.2228028890339221,-0.4253916026358482,30.9,3.955954299772844,10
121.0,Texas,2022,0.2228028890339221,0.20760223878980433,22.6,6.080694247900136,14
122.0,Texas,2019,1.336844475927162,0.15111328810437535,33.8,52.01344908446158,13
122.0,Texas,2021,1.336844475927162,0.18862594502340657,30.9,49.100348082140734,10
122.0,Texas,2022,1.336844475927162,0.24534172044058758,22.6,37.62511731124539,14
123.0,Texas,2019,0.2228077034540097,-0.022098636444283434,33.8,7.36447774722171,13
123.0,Texas,2021,0.2228077034540097,0.15705615547018967,30.9,7.96605166532003,10
123.0,Texas,2022,0.2228077034540097,0.22213016383126294,22.6,6.153980341827628,14
124.0,Texas,2019,0.2228080150968373,-0.09265508120570817,33.8,6.833133748328792,13
124.0,Texas,2021,0.2228080150968373,0.19376765586114308,30.9,8.218812958377072,9
124.0,Texas,2022,0.2228080150968373,0.12471998654823113,22.6,5.663483786981696,14
125.0,Texas,2019,31.638688707644825,0.025205468505750332,33.8,1096.3420957646867,13
125.0,Texas,2021,31.638688707644825,0.2032710381305822,30.9,1176.3604602158478,10
125.0,Texas,2022,31.638688707644825,0.27927342321905463,22.6,914.7244595677131,14
126.0,Texas,2019,0.2228076548292993,-0.02043704290829264,33.8,7.376989432681281,13
126.0,Texas,2021,0.2228076548292993,0.2519677349773228,30.9,8.619493044024432,10
126.0,Texas,2022,0.2228076548292993,0.32264784428215104,22.6,6.660131054299475,14
127.0,Texas,2019,0.2228078303214584,-0.2009386134309993,33.8,6.017655123626216,13
127.0,Texas,2021,0.2228078303214584,0.2706977781740807,30.9,8.74845172193228,9
127.0,Texas,2022,0.2228078303214584,0.1577316480591701,22.6,5.82970789112723,14
128.0,Texas,2019,0.2228075749838108,-0.016584785720801215,33.8,7.405997737435773,13
128.0,Texas,2021,0.2228075749838108,0.12655374438631348,30.9,7.756045473357472,10
128.0,Texas,2022,0.2228075749838108,0.2665173934052565,22.6,6.377486521647396,14
129.0,Texas,2019,0.6684228823737357,0.028693217837650924,33.8,23.240950498193026,13
129.0,Texas,2021,0.6684228823737357,0.36152494660529305,30.9,28.121299863319983,10
129.0,Texas,2022,0.6684228823737357,0.3596158063925318,22.6,20.53884194679319,14
130.0,Texas,2019,1.3368456448505075,-0.045937561398142625,33.8,43.109676499459745,13
130.0,Texas,2021,1.3368456448505075,0.17202001117646823,30.9,48.414424291424154,10
130.0,Texas,2022,1.3368456448505075,0.2770625802926261,22.6,38.58352339984592,14
131.0,Texas,2019,0.2228075419030785,0.19327122264709612,33.8,8.986400184428803,13
131.0,Texas,2021,0.2228075419030785,0.24350286790875839,30.9,8.56121015605873,10
131.0,Texas,2022,0.2228075419030785,0.24175750895055712,22.6,6.252808403522578,14
132.0,Texas,2019,0.2228075987695544,-0.046017999041146826,33.8,7.184340034921967,13
132.0,Texas,2021,0.2228075987695544,0.18081883817755182,30.9,8.129648166410435,10
132.0,Texas,2022,0.2228075987695544,0.28583188008061067,22.6,6.474744367859516,14
133.0,Texas,2019,0.2228075428027871,0.1481549356080864,33.8,8.646634202638873,13
133.0,Texas,2021,0.2228075428027871,0.10420600854690489,30.9,7.602185710133445,11
133.0,Texas,2022,0.2228075428027871,0.24639826846918522,22.6,6.2761767434586515,14
134.0,Texas,2019,0.2228076139221153,0.0070006951120712415,33.8,7.583618866839124,13
134.0,Texas,2021,0.2228076139221153,0.14105508622262436,30.9,7.855885018452154,11
134.0,Texas,2022,0.2228076139221153,0.26400456514866155,22.6,6.364834409932013,14
135.0,Texas,2019,0.4456152638529376,0.013171997527362027,33.8,15.260189856821839,13
135.0,Texas,2021,0.4456152638529376,0.1586987082896973,30.9,15.954715366175657,11
135.0,Texas,2022,0.4456152638529376,0.31469958732350406,22.6,13.240214598930761,14
136.0,Texas,2019,0.2228163088087352,-0.021954818172746825,33.8,7.365845303486588,14
136.0,Texas,2021,0.2228163088087352,0.0027241614342819087,30.9,6.903779858887339,10
136.0,Texas,2022,0.2228163088087352,-0.06096992448769586,22.6,4.728625465464493,14
137.0,Texas,2019,0.6684228486124836,-0.011835813317956035,33.8,22.325289394889122,13
137.0,Texas,2021,0.6684228486124836,0.08138956782886808,30.9,22.33530780748903,11
137.0,Texas,2022,0.6684228486124836,0.22521050416814636,22.6,18.50846651481982,14
138.0,Texas,2019,0.2228076109459899,0.008795537290774025,33.8,7.597135537569595,13
138.0,Texas,2021,0.2228076109459899,0.11719242103797722,30.9,7.691596305821737,11
138.0,Texas,2022,0.2228076109459899,0.23665358080891408,22.6,6.227109755917135,14
139.0,Texas,2019,1.336845918166215,0.006669222396370678,33.8,45.48674346256012,13
139.0,Texas,2021,1.336845918166215,0.15372803291558196,30.9,47.65881929464338,11
139.0,Texas,2022,1.336845918166215,0.33286115546145995,22.6,40.26935789063764,14
140.0,Texas,2019,21.83515689383784,0.03033071165377275,33.8,760.4132266626907,13
140.0,Texas,2021,21.83515689383784,0.23892773631391415,30.9,835.9124084285376,11
140.0,Texas,2022,21.83515689383784,0.3156613959501812,22.6,649.245409794077,14
141.0,Texas,2019,0.4456131768466552,0.09596480948896245,33.8,16.507120983835833,13
141.0,Texas,2021,0.4456131768466552,0.22257907544683755,30.9,16.834237983863854,9
141.0,Texas,2022,0.4456131768466552,0.1845633561922494,22.6,11.929569111434592,14
142.0,Texas,2019,0.6684226500098873,0.1713501337717054,33.8,26.463945265073033,13
142.0,Texas,2021,0.6684226500098873,0.12739934106908757,30.9,23.28559898496313,10
142.0,Texas,2022,0.6684226500098873,0.2311721202494176,22.6,18.598519285920208,14
143.0,Texas,2019,0.6684198884520408,-0.019932996526195366,33.8,22.14225416724704,12
143.0,Texas,2021,0.6684198884520408,0.11316279823302908,30.9,22.99145874079798,9
143.0,Texas,2022,0.6684198884520408,0.09714348627529058,22.6,16.573767103691495,14
144.0,Texas,2019,0.2228074293897106,0.02255808958071731,33.8,7.700773629730297,13
144.0,Texas,2021,0.2228074293897106,0.12125021894488677,30.9,7.719526960659996,10
144.0,Texas,2022,0.2228074293897106,0.28451423571771695,22.6,6.468104516169425,14
145.0,Texas,2019,0.2228076299206672,0.0859329173713314,33.8,8.178049917545161,13
145.0,Texas,2021,0.2228076299206672,0.2787071400479952,30.9,8.803586353614909,11
145.0,Texas,2022,0.2228076299206672,0.3216282344017552,22.6,6.654996112678378,14
146.0,Texas,2019,0.4456150586069088,0.11123745049711554,33.8,16.737223987075886,14
146.0,Texas,2021,0.4456150586069088,0.2898864990528048,30.9,17.76109899923479,10
146.0,Texas,2022,0.4456150586069088,0.2822410333690644,22.6,12.91332163906442,14
147.0,Texas,2019,1.3368452739180792,-0.0978904031155525,33.8,40.762156148907756,14
147.0,Texas,2021,1.3368452739180792,0.36712992693311436,30.9,56.47411251306234,10
147.0,Texas,2022,1.3368452739180792,0.28102066843455303,22.6,38.70309723637131,14
148.0,Texas,2019,0.2228065338611679,0.0842471677809445,33.8,8.165314541609641,13
148.0,Texas,2021,0.2228065338611679,0.1192221697457788,30.9,7.705533378884448,9
148.0,Texas,2022,0.2228065338611679,0.22128273438737242,22.6,6.1496808678414805,14
149.0,Texas,2019,11.586009728222685,-0.01582843357937437,33.8,385.40860138628597,13
149.0,Texas,2021,11.586009728222685,0.37698935868878075,30.9,492.97279405770445,10
149.0,Texas,2022,11.586009728222685,0.3356153032966403,22.6,349.72261287577004,14
150.0,Texas,2019,0.2228027124317945,-0.07771401826490099,33.8,6.945488260851938,12
150.0,Texas,2021,0.2228027124317945,0.03135862430286036,30.9,7.100495518624181,10
150.0,Texas,2022,0.2228027124317945,0.05829254780100864,22.6,5.328864174439075,14
151.0,Texas,2019,3.342098009342449,0.10469731361428358,33.8,124.78982621516118,12
151.0,Texas,2021,3.342098009342449,0.057155415150158984,30.9,109.17331556385314,9
151.0,Texas,2022,3.342098009342449,0.20435844142382098,22.6,90.9668972613516,14
152.0,Texas,2019,1.7824608256173602,-0.09100352295676697,33.8,54.764470650236845,14
152.0,Texas,2021,1.7824608256173602,0.42438563958239983,30.9,78.45236853664149,10
152.0,Texas,2022,1.7824608256173602,0.2987486816009543,22.6,52.31829142843524,14
153.0,Texas,2019,10.026340160038917,0.04439999379020631,33.8,353.93702450985006,13
153.0,Texas,2021,10.026340160038917,0.23428001137157592,30.9,382.39711752451694,11
153.0,Texas,2022,10.026340160038917,0.30003559350231657,22.6,294.58193922183807,14
154.0,Texas,2019,3.5648436931301206,-0.0029085450295314452,33.8,120.14126124371887,12
154.0,Texas,2021,3.5648436931301206,0.04834106860073633,30.9,115.47861624150434,10
154.0,Texas,2022,3.5648436931301206,0.11018077438284526,22.6,89.44223305852181,14
155.0,Texas,2019,0.2228074944005497,0.12935840276324606,33.8,8.505077640796138,14
155.0,Texas,2021,0.2228074944005497,0.4084033475692468,30.9,9.696507168197037,10
155.0,Texas,2022,0.2228074944005497,0.36957416111201447,22.6,6.896421351468121,14
156.0,Texas,2019,0.222807648089681,0.10975336580919168,33.8,8.357439963969703,14
156.0,Texas,2021,0.222807648089681,0.3032499492895907,30.9,8.97255833269308,10
156.0,Texas,2022,0.222807648089681,0.29690226606359477,22.6,6.530490207706045,14
157.0,Texas,2019,0.2228022654651176,-0.06782893776774968,33.8,7.019916066963322,12
157.0,Texas,2021,0.2228022654651176,-0.189040882510083,30.9,5.583121033009091,11
157.0,Texas,2022,0.2228022654651176,0.1825806534140801,22.6,5.9546852600748,14
158.0,Texas,2019,0.2228024207857606,,33.8,,12
158.0,Texas,2021,0.2228024207857606,,30.9,,10
158.0,Texas,2022,0.2228024207857606,,22.6,,14
159.0,Texas,2019,0.2228073670363655,0.22208855938916358,33.8,9.203413296053439,13
159.0,Texas,2021,0.2228073670363655,0.35043681068097854,30.9,9.297416647227601,10
159.0,Texas,2022,0.2228073670363655,0.18608034425416342,22.6,5.972444112288948,14
160.0,Texas,2019,0.2228073678874138,0.2878179041885905,33.8,9.698413733208437,13
160.0,Texas,2021,0.2228073678874138,0.35290997644034294,30.9,9.314443804934239,10
160.0,Texas,2022,0.2228073678874138,0.21424629751306004,22.6,6.114272286259848,14
161.0,Texas,2019,0.2228075103148372,0.2822584049925496,33.8,9.656551934527249,14
161.0,Texas,2021,0.2228075103148372,0.4286225297481213,30.9,9.835711917115477,10
161.0,Texas,2022,0.2228075103148372,0.3187083470980178,22.6,6.6402895944516604,14
162.0,Texas,2019,21.612352657694924,0.06712185203575857,33.8,779.5298662686122,14
162.0,Texas,2021,21.612352657694924,0.13758667148587514,30.9,759.7050615759437,11
162.0,Texas,2022,21.612352657694924,0.29704981323884233,22.6,633.5299343099235,14
163.0,Texas,2019,0.2228050455627087,0.0913455842842528,33.8,8.21871682893165,12
163.0,Texas,2021,0.2228050455627087,-0.4424513402666973,30.9,3.838541825140945,10
163.0,Texas,2022,0.2228050455627087,0.038206758165684314,22.6,5.227780111679553,14
164.0,Texas,2019,9.358272142774451,-0.12676752086444812,33.8,276.2118148077116,12
164.0,Texas,2021,9.358272142774451,-0.02561751464236078,30.9,281.7627768961087,11
164.0,Texas,2022,9.358272142774451,0.13424666541218006,22.6,239.88971076633263,14
165.0,Texas,2019,4.679136968080521,-0.026003789584833115,33.8,154.0422046124292,13
165.0,Texas,2021,4.679136968080521,-0.03643866318866903,30.9,139.31683608748781,11
165.0,Texas,2022,4.679136968080521,0.14881643614727405,22.6,121.48560970368412,14
166.0,Texas,2019,4.901761165830456,0.2704336278996216,33.8,210.48484306991708,13
166.0,Texas,2021,4.901761165830456,0.3009786686796278,30.9,197.05197951536502,10
166.0,Texas,2022,4.901761165830456,0.18059929881647607,22.6,130.78655697480306,14
167.0,Texas,2019,14.70529124629246,0.16575066679235728,33.8,579.4233639600542,14
167.0,Texas,2021,14.70529124629246,0.26157232350666154,30.9,573.250262963705,10
167.0,Texas,2022,14.70529124629246,0.27417406583570747,22.6,423.4584766468595,14
168.0,Texas,2019,5.124463367199367,-0.0008548341555944833,33.8,173.05879866987894,12
168.0,Texas,2021,5.124463367199367,0.0791312467514719,30.9,170.87602795948325,11
168.0,Texas,2022,5.124463367199367,0.047543895175572004,22.6,121.3190671497485,14
169.0,Texas,2019,1.5596525594627562,0.14428228496874906,33.8,60.32227845407973,14
169.0,Texas,2021,1.5596525594627562,0.30939088780248736,30.9,63.10382084949932,10
169.0,Texas,2022,1.5596525594627562,0.20877882937100276,22.6,42.60721488819506,14
170.0,Texas,2019,0.2228073199610079,0.2601902177338911,33.8,9.490350650837613,13
170.0,Texas,2021,0.2228073199610079,0.2568348458828435,30.9,8.652988912623169,10
170.0,Texas,2022,0.2228073199610079,0.02387882831614836,22.6,5.155685968063797,14
171.0,Texas,2019,0.2228073508971653,0.26225068930561757,33.8,9.505869150127925,13
171.0,Texas,2021,0.2228073508971653,0.2419803338041934,30.9,8.550720554475843,10
171.0,Texas,2022,0.2228073508971653,0.03617697131217655,22.6,5.217613320474938,14
172.0,Texas,2019,0.6684223322783341,0.12333414337326352,33.8,25.379123027800716,14
172.0,Texas,2021,0.6684223322783341,0.39194893947063153,30.9,28.74966147687938,10
172.0,Texas,2022,0.6684223322783341,0.17254142237866119,22.6,17.71281491260818,14
173.0,Texas,2019,0.2228076010088988,0.04264072281842008,33.8,7.852019801989044,14
173.0,Texas,2021,0.2228076010088988,0.19611295205012252,30.9,8.234944473102557,10
173.0,Texas,2022,0.2228076010088988,0.30635296219372116,22.6,6.578077352445888,14
174.0,Texas,2019,1.1140372277954895,0.09506161378286454,33.8,41.23395187155641,14
174.0,Texas,2021,1.1140372277954895,0.33640747628614087,30.9,46.00415731468764,10
174.0,Texas,2022,1.1140372277954895,0.15937855719987795,22.6,29.189953748523795,14
175.0,Texas,2019,0.668422489724855,0.16650519087287693,33.8,26.354478673855287,14
175.0,Texas,2021,0.668422489724855,0.40918630254567684,30.9,29.105693140162685,10
175.0,Texas,2022,0.668422489724855,0.326878650617421,22.6,20.044291005311027,14
176.0,Texas,2019,3.3421128442209453,0.19001759514707456,33.8,134.4284504281406,14
176.0,Texas,2021,3.3421128442209453,0.3763478804098728,30.9,142.13721681333396,10
176.0,Texas,2022,3.3421128442209453,0.29759938198643515,22.6,98.00995248289458,14
177.0,Texas,2019,2.0052692998187926,0.2432711829535854,33.8,84.26656146698616,12
177.0,Texas,2021,2.0052692998187926,0.13691852181663156,30.9,70.44667927320243,10
177.0,Texas,2022,2.0052692998187926,0.2740821991258016,22.6,57.740240977368394,14
178.0,Texas,2019,0.2228076020456872,0.14720539067922686,33.8,8.639485576708,14
178.0,Texas,2021,0.2228076020456872,0.23326669696391877,30.9,8.490738938890079,10
178.0,Texas,2022,0.2228076020456872,0.28639827428925546,22.6,6.477596513804242,14
179.0,Texas,2019,0.2228164937048305,-0.12885679260347715,33.8,6.560751534556313,14
179.0,Texas,2021,0.2228164937048305,-0.20745705292544553,30.9,5.456681693849238,12
179.0,Texas,2022,0.2228164937048305,0.1526303702193673,22.6,5.804246302437551,14
180.0,Texas,2019,0.6684266021808523,0.00980072701903771,33.8,22.81424520682883,13
180.0,Texas,2021,0.6684266021808523,-0.006984352104581167,30.9,20.51012453094621,10
180.0,Texas,2022,0.6684266021808523,-0.10800781171174954,22.6,13.47482755151995,14
181.0,Texas,2019,0.2228076246158642,0.1263788109308985,33.8,8.482643610103041,13
181.0,Texas,2021,0.2228076246158642,0.23883977610553783,30.9,8.52910908682607,10
181.0,Texas,2022,0.2228076246158642,0.26215756679666224,22.6,6.355534243285215,14
182.0,Texas,2019,0.4456152965620075,0.27715110862569753,33.8,19.236190766836103,12
182.0,Texas,2021,0.4456152965620075,0.1819665288297002,30.9,16.275103086868132,10
182.0,Texas,2022,0.4456152965620075,0.2770863861885443,22.6,12.861416568997662,14
183.0,Texas,2019,0.2228087879170698,0.011851433931809511,33.8,7.620189434271547,13
183.0,Texas,2021,0.2228087879170698,0.0038902522369374604,30.9,6.911575122352611,9
183.0,Texas,2022,0.2228087879170698,-0.09660943263899004,22.6,4.549003875644907,14
184.0,Texas,2019,0.2228160430068494,0.00233922967182448,33.8,7.548799418623122,12
184.0,Texas,2021,0.2228160430068494,-0.24017623969660193,30.9,5.231398540889688,11
184.0,Texas,2022,0.2228160430068494,-0.03434538180030194,22.6,4.862691505211155,14
185.0,Texas,2019,0.2228091133168593,0.014884650133155581,33.8,7.643043556709006,13
185.0,Texas,2021,0.2228091133168593,0.06686167179217505,30.9,7.345130946524081,10
185.0,Texas,2022,0.2228091133168593,-0.09726699695338518,22.6,4.545699363337412,14
186.0,Texas,2019,5.7931644218567335,0.0545837852019357,33.8,206.4969515333014,14
186.0,Texas,2021,5.7931644218567335,-0.011444669989001092,30.9,176.96008421586774,11
186.0,Texas,2022,5.7931644218567335,0.12047891516969886,22.6,146.69928006171904,14
187.0,Texas,2019,18.49310782273874,0.27048767033527893,33.8,794.1399730540016,13
187.0,Texas,2021,18.49310782273874,0.09310880177242549,30.9,624.6428490347123,11
187.0,Texas,2022,18.49310782273874,0.13788928903943554,22.6,475.57427046353524,14
188.0,Texas,2019,3.342211654709246,0.02886896892331672,33.8,116.22798763772177,12
188.0,Texas,2021,3.342211654709246,-0.0246145088293146,30.9,100.73229297353149,11
188.0,Texas,2022,3.342211654709246,0.24374677900084257,22.6,93.94514855441165,14
189.0,Texas,2019,0.2228068543206031,0.08579040040954701,33.8,8.176948172556463,13
189.0,Texas,2021,0.2228068543206031,0.07584485127686572,30.9,7.406903257845479,9
189.0,Texas,2022,0.2228068543206031,0.15783813834335286,22.6,5.83021857921755,14
190.0,Texas,2019,2.2281402213161647,0.04710131638909376,33.8,78.85839328877991,14
190.0,Texas,2021,2.2281402213161647,0.010821951380412956,30.9,69.59461913561371,11
190.0,Texas,2022,2.2281402213161647,0.12267948463034864,22.6,56.533613326941264,14
191.0,Texas,2019,0.2228139792978222,-0.13422742993034523,33.8,6.5202306248393365,14
191.0,Texas,2021,0.2228139792978222,-0.01637061528125692,30.9,6.772241060530654,11
191.0,Texas,2022,0.2228139792978222,-0.07331000974819532,22.6,4.666436345258302,14
192.0,Texas,2019,0.8912563183164003,0.07299024018040956,33.8,32.32325538957862,14
192.0,Texas,2021,0.8912563183164003,0.03993270846192703,30.9,28.639559848553905,11
192.0,Texas,2022,0.8912563183164003,0.13455840521155968,22.6,22.852721045449456,14
193.0,Texas,2019,0.2228159640841205,-0.11647046191697735,33.8,6.654019620877102,13
193.0,Texas,2021,0.2228159640841205,-0.5167209489321449,30.9,3.3273826894770995,12
193.0,Texas,2022,0.2228159640841205,-0.2910194261506576,22.6,3.5701714957888857,14
194.0,Texas,2019,0.6684422619495659,0.08689285224017348,33.8,24.556548942710407,14
194.0,Texas,2021,0.6684422619495659,0.022554250348185218,30.9,21.120720910528505,11
194.0,Texas,2022,0.6684422619495659,0.027993369284653128,22.6,15.529685214563633,14
195.0,Texas,2019,0.8912332883124243,0.39805132263950965,33.8,42.11445785968739,12
195.0,Texas,2021,0.8912332883124243,-0.025445332700499396,30.9,26.838366828026437,10
195.0,Texas,2022,0.8912332883124243,-0.2064690826024356,22.6,15.98319841690962,14
196.0,Texas,2019,0.6684252777453984,0.37334354699910216,33.8,31.02764091428412,12
196.0,Texas,2021,0.6684252777453984,0.18148806163537395,30.9,24.402857409721264,10
196.0,Texas,2022,0.6684252777453984,-0.230885124311176,22.6,11.618565631449487,14
197.0,Texas,2019,0.2228112410039688,0.01648907107088326,33.8,7.655199469058892,13
197.0,Texas,2021,0.2228112410039688,0.05576927761796979,30.9,7.268831425461635,10
197.0,Texas,2022,0.2228112410039688,0.28427059154141243,22.6,6.466988288869097,14
198.0,Texas,2019,0.2228110211424818,-0.294710866523584,33.8,5.311541290633482,12
198.0,Texas,2021,0.2228110211424818,-0.3653724881947662,30.9,4.369321922068489,10
198.0,Texas,2022,0.2228110211424818,0.020988662708103182,22.6,5.141218099191302,14
199.0,Texas,2019,0.2228141855855323,-0.1814299463074998,33.8,6.164748871207156,13
199.0,Texas,2021,0.2228141855855323,-0.06889242760391602,30.9,6.410636840971025,11
199.0,Texas,2022,0.2228141855855323,0.004775747280454297,22.6,5.059649350076393,14
200.0,Texas,2019,2.450899609444598,-0.13261416440892865,33.8,71.85459547225213,14
200.0,Texas,2021,2.450899609444598,0.27747520654752733,30.9,96.746771680397,10
200.0,Texas,2022,2.450899609444598,0.08374778433456684,22.6,60.02914868278207,14
201.0,Texas,2019,0.2228090641433674,-0.1871293088802488,33.8,6.121685578979184,14
201.0,Texas,2021,0.2228090641433674,0.26520986655734163,30.9,8.710716993059217,10
201.0,Texas,2022,0.2228090641433674,0.08801927324371632,22.6,5.4787045665351695,14
202.0,Texas,2019,14.036976561544463,-0.08822078469817286,33.8,432.59347343793604,14
202.0,Texas,2021,14.036976561544463,0.23629272802428028,30.9,536.2327922363768,10
202.0,Texas,2022,14.036976561544463,0.07252605691212959,22.6,340.24352256898067,14
203.0,Texas,2019,0.2228121783608758,0.18080499171407752,33.8,8.89270335590448,13
203.0,Texas,2021,0.2228121783608758,-0.07035128148482998,30.9,6.400535032957336,10
203.0,Texas,2022,0.2228121783608758,0.2510267126150308,22.6,6.299614106774048,14
204.0,Texas,2019,0.2228144123252436,-0.08109499648870828,33.8,6.920390407895189,13
204.0,Texas,2021,0.2228144123252436,-0.14644443439215724,30.9,5.876700485699638,10
204.0,Texas,2022,0.2228144123252436,0.08318464611910172,22.6,5.454490798243454,14
205.0,Texas,2019,0.4456015480574915,0.3754186938082224,33.8,20.7156380325597,12
205.0,Texas,2021,0.4456015480574915,0.2128683662956124,30.9,16.700091067788723,11
205.0,Texas,2022,0.4456015480574915,0.13869746879318273,22.6,11.4673610199126,13
206.0,Texas,2019,0.222800776945186,0.23071818676314662,33.8,9.268127925545306,12
206.0,Texas,2021,0.222800776945186,-0.11238892535156658,30.9,6.110797505055813,12
206.0,Texas,2022,0.222800776945186,0.04210658507450823,22.6,5.247316744003067,14
207.0,Texas,2019,0.222800702718942,0.3163465014702465,33.8,9.912962883562681,12
207.0,Texas,2021,0.222800702718942,0.19161389270851523,30.9,8.203715551351934,11
207.0,Texas,2022,0.222800702718942,0.19500221335288645,22.6,6.01718972321714,13
208.0,Texas,2019,1.1140474859618548,-0.08506639299296204,33.8,34.45164658313723,12
208.0,Texas,2021,1.1140474859618548,0.16667849549603325,30.9,40.16181906534325,10
208.0,Texas,2022,1.1140474859618548,-0.01977566838113604,22.6,24.679571822401147,14
209.0,Texas,2019,0.6684287578431406,0.03170956589783996,33.8,23.309302813273685,12
209.0,Texas,2021,0.6684287578431406,0.18755529300271429,30.9,24.5282997795902,10
209.0,Texas,2022,0.6684287578431406,0.02614967209132789,22.6,15.501519685303643,14
210.0,Texas,2019,0.2228121274154804,0.25510212467768206,33.8,9.452236738881586,12
210.0,Texas,2021,0.2228121274154804,-0.1578268029421667,30.9,5.79827381218245,10
210.0,Texas,2022,0.2228121274154804,0.2555360211040785,22.6,6.32231953314266,14
211.0,Texas,2019,18.715999236164585,-0.15403310402993,33.8,535.1593133233167,13
211.0,Texas,2021,18.715999236164585,0.059138215982165725,30.9,612.5254482766313,10
211.0,Texas,2022,18.715999236164585,-0.025351444005329248,22.6,412.2583888272689,14
212.0,Texas,2019,0.4456190645593231,-0.1378774403694102,33.8,12.985224801262854,12
212.0,Texas,2021,0.4456190645593231,-0.010056287289316703,30.9,13.631157748837603,9
212.0,Texas,2022,0.4456190645593231,-0.11186757901559137,22.6,8.944373493351668,14
213.0,Texas,2019,0.2228095039484506,-0.2424520552018023,33.8,5.705064204760726,12
213.0,Texas,2021,0.2228095039484506,0.04510296873111511,30.9,7.195339207775214,9
213.0,Texas,2022,0.2228095039484506,-0.23636304680922215,22.6,3.8452898986594413,14
214.0,Texas,2019,0.222800212588227,0.03330580153504216,33.8,7.781461426072162,12
214.0,Texas,2021,0.222800212588227,-0.1189099189826282,30.9,6.065888072425501,12
214.0,Texas,2022,0.222800212588227,0.13571781509363817,22.6,5.718662656534043,14
215.0,Texas,2019,0.2228070590218224,-0.1443693100167987,33.8,6.443650848366177,14
215.0,Texas,2021,0.2228070590218224,-0.19111845535877156,30.9,5.568937608008919,11
215.0,Texas,2022,0.2228070590218224,-0.18945321131267412,22.6,4.081459343826328,14
216.0,Texas,2019,4.455983734136956,0.008008634622514365,33.8,151.81844869546637,13
216.0,Texas,2021,4.455983734136956,-0.05739497908632007,30.9,129.78718860403194,12
216.0,Texas,2022,4.455983734136956,0.17741656473869954,22.6,118.57200877360671,14
217.0,Texas,2019,0.2228071186698424,-0.15013914037074663,33.8,6.4002006698643035,14
217.0,Texas,2021,0.2228071186698424,-0.11876090120826545,30.9,6.067102043844745,11
217.0,Texas,2022,0.2228071186698424,-0.2167155605276281,22.6,3.9441824887054158,14
218.0,Texas,2019,26.51403127663648,-0.20851164914722523,33.8,709.3114848686117,14
218.0,Texas,2021,26.51403127663648,-0.14656087202728177,30.9,699.208652511817,11
218.0,Texas,2022,26.51403127663648,-0.11218083964034305,22.6,531.9964286784716,14
219.0,Texas,2019,0.4456203339491932,0.2091976084732902,33.8,18.212894822927048,12
219.0,Texas,2021,0.4456203339491932,0.02440812950010693,30.9,14.105760166534473,11
219.0,Texas,2022,0.4456203339491932,0.26197045008600706,22.6,12.709329070870286,14
220.0,Texas,2019,0.8912407882303545,0.05079317437345485,33.8,31.654029110453788,13
220.0,Texas,2021,0.8912407882303545,0.015350238673419385,30.9,27.962075803695964,11
220.0,Texas,2022,0.8912407882303545,0.26040532414770196,22.6,25.387136741578818,14
221.0,Texas,2019,0.2228001555510242,-0.04762064948821272,33.8,7.172031039391204,12
221.0,Texas,2021,0.2228001555510242,-0.2579149459062168,30.9,5.108902963461319,12
221.0,Texas,2022,0.2228001555510242,0.1598534586561343,22.6,5.840191000712552,14
222.0,Texas,2019,0.4456003960920411,0.07076296906552926,33.8,16.127075226006596,13
222.0,Texas,2021,0.4456003960920411,-0.12327089464596315,30.9,12.071728851285451,12
222.0,Texas,2022,0.4456003960920411,0.24059796328377855,22.6,12.493527330563225,14
223.0,Texas,2019,0.2228070047847443,-0.1383428374922312,33.8,6.489033901703103,14
223.0,Texas,2021,0.2228070047847443,-0.02724104886978492,30.9,6.697189005817165,11
223.0,Texas,2022,0.2228070047847443,-0.07085513492696739,22.6,4.67865164739588,14
224.0,Texas,2019,0.2228070449867827,-0.08854327780610714,33.8,6.864069487001173,14
224.0,Texas,2021,0.2228070449867827,0.08457018666581743,30.9,7.46698124168782,11
224.0,Texas,2022,0.2228070449867827,0.03775142705118653,22.6,5.225534232961271,14
225.0,Texas,2019,2.0051910553323173,0.12371523814857945,33.8,76.16031455653408,12
225.0,Texas,2021,2.0051910553323173,-0.0685882686057508,30.9,57.710646804061064,13
225.0,Texas,2022,2.0051910553323173,-0.07106297722141837,22.6,42.09693432436378,14
226.0,Texas,2019,0.222800153945708,0.04596068767582608,33.8,7.876758835554243,13
226.0,Texas,2021,0.222800153945708,-0.2132781575975218,30.9,5.416206000831446,12
226.0,Texas,2022,0.222800153945708,0.12269007414386024,22.6,5.653062782568092,14
227.0,Texas,2019,1.7824568872123,-0.10296488628943079,33.8,54.043712877857935,14
227.0,Texas,2021,1.7824568872123,0.03754909152098364,30.9,57.146043591675465,11
227.0,Texas,2022,1.7824568872123,0.004013797215084696,22.6,40.44521555406975,14
228.0,Texas,2019,6.238684004375304,-0.02799974241860377,33.8,204.96328312169453,13
228.0,Texas,2021,6.238684004375304,-0.050144758615688234,30.9,183.10866305769716,11
228.0,Texas,2022,6.238684004375304,0.25146392020672176,22.6,176.4492274676506,14
229.0,Texas,2019,0.2228070621837289,-0.06753901981646594,33.8,7.022250535933087,14
229.0,Texas,2021,0.2228070621837289,0.0707035548219691,30.9,7.371513687754344,11
229.0,Texas,2022,0.2228070621837289,-0.024773658837399144,22.6,4.910693342472949,14
230.0,Texas,2019,0.4456204345786166,-0.13100741129885973,33.8,13.08874089976385,13
230.0,Texas,2021,0.4456204345786166,-0.02455715616179232,30.9,13.431527456913518,11
230.0,Texas,2022,0.4456204345786166,0.06451082184472964,22.6,10.720711715996407,14
231.0,Texas,2019,2.2281014242952124,0.023545159788566628,33.8,77.0830100784117,13
231.0,Texas,2021,2.2281014242952124,0.03277628955635946,30.9,71.10492694173044,11
231.0,Texas,2022,2.2281014242952124,0.23368870687571408,22.6,62.12250856734337,14
232.0,Texas,2019,0.222807072959053,-0.12229588968988904,33.8,6.609883510490604,14
232.0,Texas,2021,0.222807072959053,0.007447673015026122,30.9,6.936013835982111,11
232.0,Texas,2022,0.222807072959053,0.004154272739238747,22.6,5.0563584393688545,14
233.0,Texas,2019,0.2228146983393351,-0.23192485150587333,33.8,5.784479018961668,14
233.0,Texas,2021,0.2228146983393351,-0.37288344832142256,30.9,4.317681265333268,9
233.0,Texas,2022,0.2228146983393351,-0.0796707817758554,22.6,4.634421023171649,14
234.0,Texas,2019,0.2227992459680064,-0.05353658905390172,33.8,7.127451099174315,12
234.0,Texas,2021,0.2227992459680064,-0.3060086431962213,30.9,4.777781206029644,12
234.0,Texas,2022,0.2227992459680064,-0.13364612742727303,22.6,4.362319563845049,14
235.0,Texas,2019,9.58036942212819,0.07560128992196698,33.8,348.2974305429076,12
235.0,Texas,2021,9.58036942212819,-0.3374397827460383,30.9,196.13996385208256,13
235.0,Texas,2022,9.58036942212819,-0.12603993352866955,22.6,189.22664271181705,14
236.0,Texas,2019,0.4456139188538847,-0.1720479194687541,33.8,12.470407627531939,14
236.0,Texas,2021,0.4456139188538847,-0.020624867381104476,30.9,13.485476598017385,11
236.0,Texas,2022,0.4456139188538847,0.08046097012058472,22.6,10.881186903648745,14
237.0,Texas,2019,3.564912227754342,-0.09210376330437876,33.8,109.39607937561892,14
237.0,Texas,2021,3.564912227754342,0.12029773642012338,30.9,123.40727976804891,11
237.0,Texas,2022,3.564912227754342,0.031328856397831895,22.6,83.09108883279286,14
238.0,Texas,2019,0.44561413725283,-0.09184386608535058,33.8,13.67842776915718,13
238.0,Texas,2021,0.44561413725283,0.09836071850443584,30.9,15.123852476634458,11
238.0,Texas,2022,0.44561413725283,0.020898231511518036,22.6,10.281343073269559,14
239.0,Texas,2019,0.6684301247236787,-0.24074246053867013,33.8,17.153858678824115,12
239.0,Texas,2021,0.6684301247236787,0.12536014609295912,30.9,23.24374084489,10
239.0,Texas,2022,0.6684301247236787,0.19662908714883323,22.6,18.076902217341807,14
240.0,Texas,2019,0.66843025077754,-0.12078778371774311,33.8,19.863991026908426,13
240.0,Texas,2021,0.66843025077754,-0.11937852398283141,30.9,18.18879165227612,11
240.0,Texas,2022,0.66843025077754,0.2363552899044581,22.6,18.67703044847004,14
241.0,Texas,2019,0.6684301252573596,-0.20418123296371773,33.8,17.979884248869023,12
241.0,Texas,2021,0.6684301252573596,0.02616583815163278,30.9,21.194932935673044,10
241.0,Texas,2022,0.6684301252573596,0.18569485203226885,22.6,17.91172398121715,14
242.0,Texas,2019,0.8912280836011338,-0.11795310816329022,33.8,26.570347683759298,13
242.0,Texas,2021,0.8912280836011338,0.1271835079997515,30.9,31.04144776897393,11
242.0,Texas,2022,0.8912280836011338,0.0443017735754368,22.6,21.034070145046776,14
243.0,Texas,2019,2.673719713853412,-0.2195710258647871,33.8,70.5287136691807,12
243.0,Texas,2021,2.673719713853412,0.11076760774904687,30.9,91.7693306357662,10
243.0,Texas,2022,2.673719713853412,0.19540834409452393,22.6,72.23382293905486,14
244.0,Texas,2019,6.015581788351141,0.1670405561582315,33.8,237.29046355717136,12
244.0,Texas,2021,6.015581788351141,-0.22492373564482046,30.9,144.072321007542,12
244.0,Texas,2022,6.015581788351141,0.08202885604963973,22.6,147.10414762885148,14
245.0,Texas,2019,24.9547372163416,-0.10477024162313117,33.8,755.0995498567785,13
245.0,Texas,2021,24.9547372163416,-0.1310327067289593,30.9,670.0618790030909,11
245.0,Texas,2022,24.9547372163416,0.21535796556946352,22.6,685.4340135933612,14
246.0,Texas,2019,0.2228071699988053,-0.2221357272145165,33.8,5.858004319472915,13
246.0,Texas,2021,0.2228071699988053,-0.01748514245988517,30.9,6.7643608661100325,10
246.0,Texas,2022,0.2228071699988053,-0.033795344010682064,22.6,4.865267545918671,14
247.0,Texas,2019,0.2228100072362182,-0.31156485376890913,33.8,5.18459010907347,12
247.0,Texas,2021,0.2228100072362182,-0.003372782253795721,30.9,6.861608193773373,11
247.0,Texas,2022,0.2228100072362182,0.1876844976436243,22.6,5.980592608223634,14
248.0,Texas,2019,3.1192993123903827,-0.16005223716039366,33.8,88.55763859254654,13
248.0,Texas,2021,3.1192993123903827,0.06553309634848559,30.9,102.7028446323629,11
248.0,Texas,2022,3.1192993123903827,0.09960881045595603,22.6,77.51820354359296,14
249.0,Texas,2019,2.0052857797375525,0.0320322503865129,33.8,69.94976234245493,13
249.0,Texas,2021,2.0052857797375525,0.2064862379728726,30.9,74.7579056204922,10
249.0,Texas,2022,2.0052857797375525,0.09763707116281763,22.6,49.744317828611976,14
250.0,Texas,2019,0.222810431749682,-0.030425944899377423,33.8,7.301855027462776,12
250.0,Texas,2021,0.222810431749682,-0.13236870785899024,30.9,5.9735046565655106,11
250.0,Texas,2022,0.222810431749682,0.06011225367815526,22.6,5.338211958160576,14
251.0,Texas,2019,4.679020514526461,-0.11301995611062474,33.8,140.27668636108808,13
251.0,Texas,2021,4.679020514526461,-0.0809319274691859,30.9,132.88045549759536,11
251.0,Texas,2022,4.679020514526461,0.04600911056194472,22.6,110.61113675944071,14
252.0,Texas,2019,0.2228105134705807,-0.07373402415204404,33.8,6.975704761888591,12
252.0,Texas,2021,0.2228105134705807,-0.1315698093396446,30.9,5.979007139856591,11
252.0,Texas,2022,0.2228105134705807,-0.06431362114826554,22.6,4.711665232938062,14
253.0,Texas,2019,23.61782056588091,0.029820260565179793,33.8,822.0873223648354,13
253.0,Texas,2021,23.61782056588091,0.2768330684715279,30.9,931.8208419856795,10
253.0,Texas,2022,23.61782056588091,0.15858673449422764,22.6,618.4104354796573,14
254.0,Texas,2019,27.851254792533453,-0.24112992378834033,33.8,714.3793540286072,12
254.0,Texas,2021,27.851254792533453,-0.06883218311225882,30.9,801.3665365929013,11
254.0,Texas,2022,27.851254792533453,0.16395441516071688,22.6,732.6375562278997,14
255.0,Texas,2019,3.3421552960955583,-0.12712575615050292,33.8,98.60410715945667,13
255.0,Texas,2021,3.3421552960955583,-0.2381316239713422,30.9,78.68012702124173,11
255.0,Texas,2022,3.3421552960955583,-0.02505653685784225,22.6,73.64012156739534,14
256.0,Texas,2019,0.445621006336752,-0.19277916940281214,33.8,12.158352089694718,13
256.0,Texas,2021,0.445621006336752,-0.1682938944667521,30.9,11.452334492276135,11
256.0,Texas,2022,0.445621006336752,-0.06827324668850743,22.6,9.38345250377885,14
257.0,Texas,2019,0.222809575140521,0.024014229086342088,33.8,7.711813925835468,13
257.0,Texas,2021,0.222809575140521,0.2515999019700222,30.9,8.617034870279223,10
257.0,Texas,2022,0.222809575140521,0.11234131582961883,22.6,5.601190689402149,14
258.0,Texas,2019,20.275703312949904,-0.06690179165469894,33.8,639.4697182778,12
258.0,Texas,2021,20.275703312949904,-0.006236907746390803,30.9,622.6116897165198,11
258.0,Texas,2022,20.275703312949904,0.07557235752084233,22.6,492.8604838870806,14
259.0,Texas,2019,0.4456146994486088,-0.16493797548369113,33.8,12.577517861961423,14
259.0,Texas,2021,0.4456146994486088,-0.22520802191667147,30.9,10.668493658467783,10
259.0,Texas,2022,0.4456146994486088,0.020178312360909563,22.6,10.274105816255323,14
260.0,Texas,2019,14.259678873363168,0.04199258831163472,33.8,502.21661378389666,14
260.0,Texas,2021,14.259678873363168,0.03955963691363958,30.9,458.05500569584393,11
260.0,Texas,2022,14.259678873363168,0.12945488041482214,22.6,363.9880040647005,14
261.0,Texas,2019,8.243974548726062,-0.1644344435301113,33.8,232.8272839289503,12
261.0,Texas,2021,8.243974548726062,-0.011354191864065694,30.9,251.84646019130014,11
261.0,Texas,2022,8.243974548726062,0.041981830219930065,22.6,194.13562016163914,14
262.0,Texas,2019,0.2228075259479608,0.05936963840317828,33.8,7.978000853058532,14
262.0,Texas,2021,0.2228075259479608,0.25892799525541865,30.9,8.667407727857116,9
262.0,Texas,2022,0.2228075259479608,0.11884901153439047,22.6,5.6339083518261575,14
263.0,Texas,2019,25.623113863238498,0.022183080123730253,33.8,885.2731546467128,13
263.0,Texas,2021,25.623113863238498,0.1358949692530002,30.9,899.349633535947,10
263.0,Texas,2022,25.623113863238498,0.07316407322689057,22.6,621.4503984743852,14
264.0,Texas,2019,0.4456207903188728,-0.18859548858375494,33.8,12.22136072402148,13
264.0,Texas,2021,0.4456207903188728,-0.09615556681542752,30.9,12.445650802807604,10
264.0,Texas,2022,0.4456207903188728,-0.2332810196298058,22.6,7.721649746462045,14
265.0,Texas,2019,20.27575907540491,-0.08488591516647848,33.8,627.1465856180816,13
265.0,Texas,2021,20.27575907540491,-0.06735909344078235,30.9,584.3190718505932,11
265.0,Texas,2022,20.27575907540491,-0.05199566803131162,22.6,434.40606808608305,14
266.0,Texas,2019,0.2228074114065131,-0.05247388312486933,33.8,7.135715437326241,14
266.0,Texas,2021,0.2228074114065131,0.04673459116399622,30.9,7.206504942825358,10
266.0,Texas,2022,0.2228074114065131,0.12599044828590383,22.6,5.669865785353538,14
267.0,Texas,2019,0.2228073997836331,-0.2555761343807468,33.8,5.60617432924012,14
267.0,Texas,2021,0.2228073997836331,-0.165284235677681,30.9,5.746808234318271,10
267.0,Texas,2022,0.2228073997836331,-0.017332431222580495,22.6,4.948170692232629,14
268.0,Texas,2019,1.5596703734801338,-0.17671386793562036,33.8,43.401058630831855,12
268.0,Texas,2021,1.5596703734801338,-0.011036725744818985,30.9,47.66191262685557,11
268.0,Texas,2022,1.5596703734801338,0.03326808475207517,22.6,36.4212022040984,14
269.0,Texas,2019,0.2228075485089827,0.1288106171983013,33.8,8.500954390591643,14
269.0,Texas,2021,0.2228075485089827,0.23262331027126265,30.9,8.486307340093926,9
269.0,Texas,2022,0.2228075485089827,0.017451382809152673,22.6,5.12332617227567,14
270.0,Texas,2019,0.4456202768228549,-0.3336601433628773,33.8,10.036387836398477,12
270.0,Texas,2021,0.4456202768228549,-0.07954916906889423,30.9,12.674301021113594,11
270.0,Texas,2022,0.4456202768228549,-0.08445699554878654,22.6,9.220450312161184,14
271.0,Texas,2019,0.2228071597257149,0.003466621646784933,33.8,7.556988717285341,14
271.0,Texas,2021,0.2228071597257149,-0.0514877633922359,30.9,6.53026130777313,10
271.0,Texas,2022,0.2228071597257149,-0.07354680704075968,22.6,4.665101142650738,14
272.0,Texas,2019,0.2228069350955205,0.15828408992176585,33.8,8.722892007933604,14
272.0,Texas,2021,0.2228069350955205,0.00992030440267308,30.9,6.9530329543840645,11
272.0,Texas,2022,0.2228069350955205,0.03894982524891628,22.6,5.231566113967271,14
273.0,Texas,2019,6.461491616293436,-0.38162116790276035,33.8,135.05295780798986,13
273.0,Texas,2021,6.461491616293436,-0.07033636386815785,30.9,185.61672613691798,11
273.0,Texas,2022,6.461491616293436,-0.06851254754078516,22.6,136.02484304329911,14
274.0,Texas,2019,1.559649985199104,0.11785403685803916,33.8,58.92898288296549,14
274.0,Texas,2021,1.559649985199104,-0.07569631387031563,30.9,44.54513811910166,10
274.0,Texas,2022,1.559649985199104,-0.13327528170782588,22.6,30.550390585667564,14
275.0,Texas,2019,3.1193056428461614,0.18449426584484693,33.8,124.88422808106382,14
275.0,Texas,2021,3.1193056428461614,0.12162811110004504,30.9,108.10985769039387,11
275.0,Texas,2022,3.1193056428461614,0.11868204385177086,22.6,78.86295338978763,14
276.0,Texas,2019,17.156141734055385,0.13545401484237068,33.8,658.4243383764622,14
276.0,Texas,2021,17.156141734055385,0.013360866492514943,30.9,537.2077059866845,11
276.0,Texas,2022,17.156141734055385,0.041900034846018175,22.6,403.97465355410304,14
277.0,Texas,2019,0.6684214532273589,0.15994473396502665,33.8,26.206219732222994,14
277.0,Texas,2021,0.6684214532273589,0.015329593550014946,30.9,20.970843746946237,10
277.0,Texas,2022,0.6684214532273589,-0.06595540582908331,22.6,14.109981057336352,14
278.0,Texas,2019,0.4456149311715809,0.07197048291976066,33.8,16.145788590191835,14
278.0,Texas,2021,0.4456149311715809,0.15164807613956413,30.9,15.857619765848998,11
278.0,Texas,2022,0.4456149311715809,0.12948318025350314,22.6,11.374909273595584,14
279.0,Texas,2019,0.2228076080293067,-0.0030433156801190314,33.8,7.5079782540043745,14
279.0,Texas,2021,0.2228076080293067,-0.011925741615240633,30.9,6.802649277840616,10
279.0,Texas,2022,0.2228076080293067,-0.008725562505596397,22.6,4.9915147908031745,14
280.0,Texas,2019,2.8965015666975926,0.030302944945873118,33.8,100.86846438425964,13
280.0,Texas,2021,2.8965015666975926,0.026411628944109537,30.9,91.86578934157916,10
280.0,Texas,2022,2.8965015666975926,0.02889211514790447,22.6,67.35224029084473,14
281.0,Texas,2019,0.222807668996477,,33.8,,14
281.0,Texas,2021,0.222807668996477,,30.9,,10
281.0,Texas,2022,0.222807668996477,,22.6,,14
282.0,Texas,2019,2.673682632645885,0.1031980184228058,33.8,99.69652671925267,14
282.0,Texas,2021,2.673682632645885,0.0034487272538293134,30.9,82.90171613560368,11
282.0,Texas,2022,2.673682632645885,0.05714651157377466,22.6,63.87831846034782,14
283.0,Texas,2019,6.46142306829251,,33.8,,14
283.0,Texas,2021,6.46142306829251,,30.9,,10
283.0,Texas,2022,6.46142306829251,,22.6,,14
284.0,Texas,2019,0.2228077704250003,,33.8,,13
284.0,Texas,2021,0.2228077704250003,,30.9,,10
284.0,Texas,2022,0.2228077704250003,,22.6,,14
285.0,Texas,2019,4.90174718337007,-0.09269313263385447,33.8,150.3217441968742,13
285.0,Texas,2021,4.90174718337007,-0.3987084182149333,30.9,91.0740209076317,11
285.0,Texas,2022,4.90174718337007,0.14659132745374126,22.6,127.01879830199815,14
286.0,Texas,2019,0.2228068485945319,0.10342573444304368,33.8,8.309757396568413,12
286.0,Texas,2021,0.2228068485945319,-0.3813092943188356,30.9,4.25951946537521,11
286.0,Texas,2022,0.2228068485945319,0.03891069715439474,22.6,5.231367055933085,14
287.0,Texas,2019,30.74630340116316,0.06172205098443189,33.8,1103.3681567858125,13
287.0,Texas,2021,30.74630340116316,-0.0749167259124034,30.9,878.8853324079535,12
287.0,Texas,2022,30.74630340116316,0.07955260582493585,22.6,750.144894210341,14
288.0,Texas,2019,0.6684325680400394,-0.1053866497650427,33.8,20.212018029595402,14
288.0,Texas,2021,0.6684325680400394,0.0012341817615708123,30.9,20.680057841522547,11
288.0,Texas,2022,0.6684325680400394,-0.046342794713689836,22.6,14.406495085562787,14
289.0,Texas,2019,0.668432710894845,-0.136006343788753,33.8,19.52023081742246,14
289.0,Texas,2021,0.668432710894845,0.1463402558538266,30.9,23.67716593719334,10
289.0,Texas,2022,0.668432710894845,-0.0253661393231597,22.6,14.723383671860118,14
290.0,Texas,2019,0.2228109876074459,0.014571604267288006,33.8,7.640750298709964,13
290.0,Texas,2021,0.2228109876074459,0.12283780134792271,30.9,7.730580522736288,11
290.0,Texas,2022,0.2228109876074459,0.17578393279038743,22.6,5.920693291682642,14
291.0,Texas,2019,0.2228115757819663,0.09171579862698338,33.8,8.221745808057333,12
291.0,Texas,2021,0.2228115757819663,-0.06297734590869641,30.9,6.451286367735846,10
291.0,Texas,2022,0.2228115757819663,-0.33992348294826824,22.6,3.3238427691618844,14
292.0,Texas,2019,0.2227988450719585,0.010479495683292801,33.8,7.609517863721084,12
292.0,Texas,2021,0.2227988450719585,-0.5150089508503366,30.9,3.3389132696821777,10
292.0,Texas,2022,0.2227988450719585,-0.31394055836839124,22.6,3.454483478164915,14
293.0,Texas,2019,0.222798859270385,-0.01795225573355297,33.8,7.395410160400727,12
293.0,Texas,2021,0.222798859270385,-0.5475496107227394,30.9,3.1148878057691323,10
293.0,Texas,2022,0.222798859270385,-0.33565737682253993,22.6,3.3451339965551137,14
294.0,Texas,2019,0.2227988201234203,0.1524694558850406,33.8,8.678786622981992,12
294.0,Texas,2021,0.2227988201234203,-0.22669141419317954,30.9,5.323830231730273,10
294.0,Texas,2022,0.2227988201234203,-0.16920025807860484,22.6,4.183287171051794,14
295.0,Texas,2019,0.2228115973287053,0.2194501224357302,33.8,9.18371788191955,12
295.0,Texas,2021,0.2228115973287053,0.07899889989363741,30.9,7.428776173597611,10
295.0,Texas,2022,0.2228115973287053,-0.5218325237598128,22.6,2.407832457280688,14
296.0,Texas,2019,0.2228152235464559,-0.39600804817368995,33.8,4.548756739705654,12
296.0,Texas,2021,0.2228152235464559,0.04548433057932073,30.9,7.1981495873195565,10
296.0,Texas,2022,0.2228152235464559,-0.12151165010492714,22.6,4.423737064265109,14
297.0,Texas,2019,0.4456232553950622,0.1367863217666815,33.8,17.122350643125557,12
297.0,Texas,2021,0.4456232553950622,0.10164424576071165,30.9,15.169375318068601,10
297.0,Texas,2022,0.4456232553950622,-0.5433814439549384,22.6,4.598644551660203,14
298.0,Texas,2019,0.2227987625219351,0.2949937625869747,33.8,9.752077662896486,12
298.0,Texas,2021,0.2227987625219351,-0.08626255987463992,30.9,6.290608741733631,10
298.0,Texas,2022,0.2227987625219351,-0.1440709149071641,22.6,4.30981866581388,14
299.0,Texas,2019,0.222811614460264,0.20681400683562837,33.8,9.088555589911158,12
299.0,Texas,2021,0.222811614460264,0.06174656547447126,30.9,7.309996511791127,10
299.0,Texas,2022,0.222811614460264,-0.5580211090772175,22.6,2.225603483511284,14
300.0,Texas,2019,0.2228110614149069,0.1735335991056351,33.8,8.837897818610044,13
300.0,Texas,2021,0.2228110614149069,0.3249118919322968,30.9,9.121835270110425,10
300.0,Texas,2022,0.2228110614149069,0.1396344822654685,22.6,5.738663610780291,14
301.0,Texas,2019,3.341983630114355,0.113253144219031,33.8,125.75201390438278,12
301.0,Texas,2021,3.341983630114355,-0.028744303004349093,30.9,100.2989477764565,10
301.0,Texas,2022,3.341983630114355,-0.1786192716028972,22.6,62.03792543371622,14
302.0,Texas,2019,0.2228110881042354,0.09646289068134423,33.8,8.257478233165545,13
302.0,Texas,2021,0.2228110881042354,0.343114788777154,30.9,9.247160806872532,10
302.0,Texas,2022,0.2228110881042354,0.1202229149212105,22.6,5.6409167569993865,14
303.0,Texas,2019,1.1139937816946988,0.29550705822952583,33.8,48.779714076913784,12
303.0,Texas,2021,1.1139937816946988,0.10923936614760692,30.9,38.18268986965156,10
303.0,Texas,2022,1.1139937816946988,-0.08050620556434038,22.6,23.14941434636506,14
304.0,Texas,2019,0.6684347653235335,0.10788737077373627,33.8,25.030604692456052,14
304.0,Texas,2021,0.6684347653235335,0.13325198596293056,30.9,23.406905281447397,10
304.0,Texas,2022,0.6684347653235335,-0.4552639635618095,22.6,8.229123405764243,14
305.0,Texas,2019,3.119309650426323,0.1237045079071308,33.8,118.47516227208891,13
305.0,Texas,2021,3.119309650426323,-0.0552433795386743,30.9,91.06194290443341,9
305.0,Texas,2022,3.119309650426323,0.019260765424865548,22.6,71.85421268672991,14
306.0,Texas,2019,6.907127780890105,-0.020656458323100497,33.8,228.63844325081146,13
306.0,Texas,2021,6.907127780890105,0.030714610288314736,30.9,219.9856753337546,10
306.0,Texas,2022,6.907127780890105,-0.054149493203297885,22.6,147.6482930526574,14
307.0,Texas,2019,3.119415544930378,-0.16903321221208678,33.8,87.61401817195099,12
307.0,Texas,2021,3.119415544930378,0.04613052597003024,30.9,100.83645898437653,10
307.0,Texas,2022,3.119415544930378,-0.059588816716654974,22.6,66.2978517609859,14
308.0,Texas,2019,0.2228079269012746,-0.13501617494586818,33.8,6.514113546784471,13
308.0,Texas,2021,0.2228079269012746,-0.2556670209341732,30.9,5.124557598888117,9
308.0,Texas,2022,0.2228079269012746,-0.06022405725114888,22.6,4.732203367955711,14
309.0,Texas,2019,0.4456323741641939,-0.2519383175938553,33.8,11.267585020054605,13
309.0,Texas,2021,0.4456323741641939,-0.18802474222874324,30.9,11.180932072190524,10
309.0,Texas,2022,0.4456323741641939,-0.2113633648625372,22.6,7.942589563163212,14
310.0,Texas,2019,1.1140808590202338,-0.2740432743598518,33.8,27.336577846929007,13
310.0,Texas,2021,1.1140808590202338,-0.2831436490920904,30.9,24.67785052170005,11
310.0,Texas,2022,1.1140808590202338,-0.089538100294536,22.6,22.923816762436697,14
311.0,Texas,2019,0.2228162331645619,-0.17592982432953233,33.8,6.206227979327951,13
311.0,Texas,2021,0.2228162331645619,-0.054573282231011565,30.9,6.509283377580421,10
311.0,Texas,2022,0.2228162331645619,-0.07259916712817041,22.6,4.6700631008404345,14
312.0,Texas,2019,2.005346938708704,-0.23406505484976872,33.8,51.9156270557378,14
312.0,Texas,2021,2.005346938708704,-0.008740183316909423,30.9,61.42363302047695,10
312.0,Texas,2022,2.005346938708704,-0.04040744322980836,22.6,43.489541512464825,14
313.0,Texas,2019,0.8912654050638598,-0.37113611415611913,33.8,18.94438035699776,14
313.0,Texas,2021,0.8912654050638598,-0.1630552974668896,30.9,23.049541652964027,10
313.0,Texas,2022,0.8912654050638598,-0.06479954091970823,22.6,18.83736704110515,14
314.0,Texas,2019,0.4456328347535166,-0.37656195714430457,33.8,9.390466826786714,14
314.0,Texas,2021,0.4456328347535166,-0.24075365092353201,30.9,10.454863676989817,10
314.0,Texas,2022,0.4456328347535166,-0.034544686025640266,22.6,9.723392097709832,14
315.0,Texas,2019,0.222807246935172,-0.20517190634100707,33.8,5.985758925519324,14
315.0,Texas,2021,0.222807246935172,-0.0788870398901883,30.9,6.341626861233759,10
315.0,Texas,2022,0.222807246935172,0.12778962477745143,22.6,5.67892125206295,14
316.0,Texas,2019,0.6684485881869536,-0.32437023384071545,33.8,15.264883200427429,13
316.0,Texas,2021,0.6684485881869536,-0.2611845492762864,30.9,15.260278479479501,11
316.0,Texas,2022,0.6684485881869536,-0.12051988665045539,22.6,13.286251626418315,14
317.0,Texas,2019,0.6684488516544891,-0.13619664015229777,33.8,19.51640270135742,13
317.0,Texas,2021,0.6684488516544891,0.036986846401567734,30.9,21.41903539973028,10
317.0,Texas,2022,0.6684488516544891,0.028853508086053345,22.6,15.542832379618417,14
318.0,Texas,2019,22.94834823291172,-0.09239597272402698,33.8,703.9868487126481,14
318.0,Texas,2021,22.94834823291172,0.03661315275152086,30.9,735.0664920156947,10
318.0,Texas,2022,22.94834823291172,-0.06523498751569265,22.6,484.79967430696223,14
319.0,Texas,2019,12.922293552759806,-0.11467235495070045,33.8,386.68767372587973,13
319.0,Texas,2021,12.922293552759806,0.1844078254624553,30.9,472.93270725048296,9
319.0,Texas,2022,12.922293552759806,-0.266522130111791,22.6,214.2076894907538,14
320.0,Texas,2019,0.2227981292665563,-0.19228788876926226,33.8,6.082538061043436,13
320.0,Texas,2021,0.2227981292665563,0.010209995212966184,30.9,6.954752520384612,9
320.0,Texas,2022,0.2227981292665563,-0.3630974246798084,22.6,3.206955872124429,14
321.0,Texas,2019,0.4456144618239082,-0.1575287674312643,33.8,12.689106933729569,14
321.0,Texas,2021,0.4456144618239082,-0.08188353650373252,30.9,12.641992589572075,10
321.0,Texas,2022,0.4456144618239082,-0.010877501801377297,22.6,9.961340747506995,14
322.0,Texas,2019,0.4456284652346126,-0.16739738621466357,33.8,12.540862162684238,13
322.0,Texas,2021,0.4456284652346126,-0.04062144194933002,30.9,13.210565587056275,9
322.0,Texas,2022,0.4456284652346126,-0.1021274900883177,22.6,9.042656597643411,14
323.0,Texas,2019,0.2228142511874905,-0.07956245582639936,33.8,6.9319271533424,13
323.0,Texas,2021,0.2228142511874905,-0.05626595615147664,30.9,6.497571483877757,9
323.0,Texas,2022,0.2228142511874905,-0.1045043999415193,22.6,4.509359503453136,14
324.0,Texas,2019,0.2228072261334873,-0.23893881068049364,33.8,5.7314637188424635,14
324.0,Texas,2021,0.2228072261334873,-0.051087209936063895,30.9,6.533020961839074,10
324.0,Texas,2022,0.2228072261334873,0.035597962766363254,22.6,5.214694834100283,14
325.0,Texas,2019,0.4456127826745397,-0.10626618400762983,33.8,13.461161389756693,13
325.0,Texas,2021,0.4456127826745397,-0.09680186197109135,30.9,12.436528039839922,11
325.0,Texas,2022,0.4456127826745397,-0.031914725146672256,22.6,9.749440514176218,14
326.0,Texas,2019,0.2228072616149411,-0.2200563037900968,33.8,5.873666627823105,14
326.0,Texas,2021,0.2228072616149411,-0.049639643529279624,30.9,6.54298812689459,10
326.0,Texas,2022,0.2228072616149411,0.06077413225709598,22.6,5.341468858963818,14
327.0,Texas,2019,0.2228154086333173,-0.16690049589460862,33.8,6.274206337653639,13
327.0,Texas,2021,0.2228154086333173,0.2137216071441655,30.9,8.356468564164038,10
327.0,Texas,2022,0.2228154086333173,-0.09386688261266453,22.6,4.562949510686604,14
328.0,Texas,2019,0.222806381972802,-0.07313176754927958,33.8,6.980110921400041,13
328.0,Texas,2021,0.222806381972802,0.0019567560102802996,30.9,6.898188914725552,11
328.0,Texas,2022,0.222806381972802,-0.00037529661088589017,22.6,5.033534454936464,14
329.0,Texas,2019,0.4456307744165636,-0.14564207696788495,33.8,12.868612580996814,13
329.0,Texas,2021,0.4456307744165636,0.16434258317203512,30.9,16.032986809076707,10
329.0,Texas,2022,0.4456307744165636,-0.024363731488708847,22.6,9.825882137013952,14
330.0,Texas,2019,1.336885834301702,-0.06545777647158008,33.8,42.22891759448822,14
330.0,Texas,2021,1.336885834301702,0.007944794183818072,30.9,41.637969918466965,9
330.0,Texas,2022,1.336885834301702,-0.18710751967919134,22.6,24.56042438357857,14
331.0,Texas,2019,11.36354593300557,0.09364110382977946,33.8,420.0542630146303,14
331.0,Texas,2021,11.36354593300557,0.047856798842359556,30.9,367.9376979240915,10
331.0,Texas,2022,11.36354593300557,-0.15943034576391404,22.6,215.87185239313365,14
332.0,Texas,2019,0.2228072213446611,-0.18615186728566963,33.8,6.1289959473757865,14
332.0,Texas,2021,0.2228072213446611,-0.09041591754839023,30.9,6.262252771502626,10
332.0,Texas,2022,0.2228072213446611,0.04457013295214748,22.6,5.259873575392822,14
333.0,Texas,2019,0.445628511996795,-0.09966176565328456,33.8,13.561113903102298,13
333.0,Texas,2021,0.445628511996795,-0.07433447398028857,30.9,12.74634118487704,9
333.0,Texas,2022,0.445628511996795,-0.19487697547565863,22.6,8.108558523884994,14
334.0,Texas,2019,3.787879348547291,-0.0701678556682695,33.8,119.04670882698066,14
334.0,Texas,2021,3.787879348547291,-0.11120428966888828,30.9,104.02951331183571,10
334.0,Texas,2022,3.787879348547291,-0.12214338826948784,22.6,75.14985743064933,14
335.0,Texas,2019,0.4456145177044485,-0.27821810781248896,33.8,10.871313354393036,14
335.0,Texas,2021,0.4456145177044485,-0.1464067526264705,30.9,11.753542486243596,10
335.0,Texas,2022,0.4456145177044485,0.10769465399068066,22.6,11.15546890944188,14
336.0,Texas,2019,20.27476392360444,0.10785836751256335,33.8,759.2009599392175,14
336.0,Texas,2021,20.27476392360444,0.07041810389211166,30.9,670.606457599314,10
336.0,Texas,2022,20.27476392360444,-0.13249178183955507,22.6,397.50064974476857,14
337.0,Texas,2019,0.6684216660270322,-0.22474231003735073,33.8,17.515127441308465,14
337.0,Texas,2021,0.6684216660270322,-0.2227365215066056,30.9,16.0537782514085,10
337.0,Texas,2022,0.6684216660270322,0.03404496589226909,22.6,15.620624129977823,14
338.0,Texas,2019,0.2227990671430034,0.5499622352559174,33.8,11.672158736120311,13
338.0,Texas,2021,0.2227990671430034,0.12631194895966644,30.9,7.7540846725931605,10
338.0,Texas,2022,0.2227990671430034,-0.20354494106369192,22.6,4.010357437842776,14
339.0,Texas,2019,0.2227996543472884,-0.13216228037965846,33.8,6.535363305880146,14
339.0,Texas,2021,0.2227996543472884,-0.09386585161144782,30.9,6.238288989145238,10
339.0,Texas,2022,0.2227996543472884,-0.2189269742002563,22.6,3.932915283800723,14
340.0,Texas,2019,0.4455962968014436,0.06818699428862543,33.8,16.088129710390895,12
340.0,Texas,2021,0.4455962968014436,-0.04079490736699327,30.9,13.20722352794592,9
340.0,Texas,2022,0.4455962968014436,-0.26673041713888235,22.6,7.384373961369206,14
341.0,Texas,2019,0.2227982281020552,0.12071764882180973,33.8,8.43965403497478,12
341.0,Texas,2021,0.2227982281020552,-0.093365598400023,30.9,6.241693030776817,9
341.0,Texas,2022,0.2227982281020552,-0.32026215860004953,22.6,3.4226431380148403,14
342.0,Texas,2019,2.673778267923239,-0.03481494668757456,33.8,87.22734971840305,14
342.0,Texas,2021,2.673778267923239,-0.10768469612527702,30.9,73.72286596993867,10
342.0,Texas,2022,2.673778267923239,-0.2097627919328893,22.6,47.75197105961237,14
343.0,Texas,2019,0.2228145377541997,-0.0994920910933452,33.8,6.781843367185859,14
343.0,Texas,2021,0.2228145377541997,-0.020317979563740044,30.9,6.745080552764816,9
343.0,Texas,2022,0.2228145377541997,-0.2918452785030458,22.6,3.565989972590832,14
344.0,Texas,2019,1.559588747485074,0.08128607373415997,33.8,56.99902185719419,13
344.0,Texas,2021,1.559588747485074,-0.044782179947371735,30.9,46.03318117373521,9
344.0,Texas,2022,1.559588747485074,-0.2998472296590313,22.6,24.67807863646064,14
345.0,Texas,2019,0.2228145092686559,-0.052192961864288526,33.8,7.1380584108252325,14
345.0,Texas,2021,0.2228145092686559,-0.09646894271706836,30.9,6.220782720348325,10
345.0,Texas,2022,0.2228145092686559,-0.21991468065672928,22.6,3.928203804147672,14
346.0,Texas,2019,3.3419724594212297,0.14590302561025847,33.8,129.4396807231847,12
346.0,Texas,2021,3.3419724594212297,-0.12783544153887236,30.9,90.06577297482528,9
346.0,Texas,2022,3.3419724594212297,-0.3094883435143459,22.6,52.15336321878719,14
347.0,Texas,2019,2.005330828688149,-0.08848879681836572,33.8,61.782395255494826,14
347.0,Texas,2021,2.005330828688149,-0.12412894198718119,30.9,54.27310714879428,10
347.0,Texas,2022,2.005330828688149,-0.2371448914362291,22.6,34.57295719476895,14
348.0,Texas,2019,0.2228145282989029,-0.001311559570617442,33.8,7.521253529488186,14
348.0,Texas,2021,0.2228145282989029,-0.06186970996458736,30.9,6.45899789396604,10
348.0,Texas,2022,0.2228145282989029,-0.2955890099716326,22.6,3.5471378558611852,14
349.0,Texas,2019,0.2228088764177613,-0.122049072843846,33.8,6.611795775480291,14
349.0,Texas,2021,0.2228088764177613,-0.08051161972383243,30.9,6.330488342255271,11
349.0,Texas,2022,0.2228088764177613,0.010422810166568467,22.6,5.087964465506035,14
350.0,Texas,2019,0.2228088937391238,-0.1809866814316679,33.8,6.16794065961227,14
350.0,Texas,2021,0.2228088937391238,-0.12879014075528858,30.9,5.998101123045595,11
350.0,Texas,2022,0.2228088937391238,-0.031306447853797284,22.6,4.877837975205739,14
351.0,Texas,2019,0.8912366736336315,-0.011492152294391862,33.8,29.777612276486163,12
351.0,Texas,2021,0.8912366736336315,-0.033028805958538104,30.9,26.629625885740946,11
351.0,Texas,2022,0.8912366736336315,-0.13536319173942754,22.6,17.41547034343497,14
352.0,Texas,2019,0.2228144871776216,-0.049084087910520484,33.8,7.161471035982509,13
352.0,Texas,2021,0.2228144871776216,-0.24162705298896792,30.9,5.221373209679221,9
352.0,Texas,2022,0.2228144871776216,-0.2523804439383787,22.6,3.764718576524986,14
353.0,Texas,2019,0.2228157233040363,-0.2406559834798529,33.8,5.718749976180468,13
353.0,Texas,2021,0.2228157233040363,-0.31980734537553707,30.9,4.683130406280886,9
353.0,Texas,2022,0.2228157233040363,-0.3866189731908026,22.6,3.0887631795778825,14
354.0,Texas,2019,0.6684436580109251,0.010832463875776866,33.8,22.838137782879034,14
354.0,Texas,2021,0.6684436580109251,-0.1961832108675599,30.9,16.602762658356998,10
354.0,Texas,2022,0.6684436580109251,-0.30930804855777916,22.6,10.434163593524778,14
355.0,Texas,2019,0.8911933300392628,0.3490209636459621,33.8,40.6356607890934,13
355.0,Texas,2021,0.8911933300392628,0.16017850855377552,30.9,31.948849467970955,9
355.0,Texas,2022,0.8911933300392628,-0.13016591116449056,22.6,17.519301643568276,14
356.0,Texas,2019,3.342137035696277,0.09623048514291394,33.8,123.83483463707353,13
356.0,Texas,2021,3.342137035696277,0.005129659021278059,30.9,103.80178472593613,11
356.0,Texas,2022,3.342137035696277,-0.0734054405698691,22.6,69.98781546770222,14
357.0,Texas,2019,0.2228088452405858,-0.13368325228153258,33.8,6.524178555004529,14
357.0,Texas,2021,0.2228088452405858,0.008790481201012442,30.9,6.945313964168257,10
357.0,Texas,2022,0.2228088452405858,-0.16905103186113254,22.6,4.184226829014229,14
358.0,Texas,2019,2.673569989209456,-0.03979099099441863,33.8,86.77088645679056,12
358.0,Texas,2021,2.673569989209456,-0.13296236811153891,30.9,71.62885097688576,11
358.0,Texas,2022,2.673569989209456,-0.29005074375637746,22.6,42.897037973012225,14
359.0,Texas,2019,0.4455979867422701,0.2589445223144419,33.8,18.96123028624712,13
359.0,Texas,2021,0.4455979867422701,0.0006598415222548122,30.9,13.778063133601211,9
359.0,Texas,2022,0.4455979867422701,-0.27087035361840794,22.6,7.342710676539341,14
360.0,Texas,2019,0.2227990320303358,0.28222242278565934,33.8,9.655913514975206,13
360.0,Texas,2021,0.2227990320303358,-0.04142713666012116,30.9,6.599285377954576,10
360.0,Texas,2022,0.2227990320303358,-0.2738520311837766,22.6,3.6563424591249083,14
361.0,Texas,2019,0.2228088638601377,-0.19576639629306833,33.8,6.056634692578895,14
361.0,Texas,2021,0.2228088638601377,-0.1343748080105378,30.9,5.959651035676867,10
361.0,Texas,2022,0.2228088638601377,-0.1463910997508679,22.6,4.2983308209462825,14
362.0,Texas,2019,0.8912366604324092,-0.06930135594185806,33.8,28.036178997298027,13
362.0,Texas,2021,0.8912366604324092,0.009994907357543494,30.9,27.8144646880707,11
362.0,Texas,2022,0.8912366604324092,-0.057537943251707295,22.6,18.983022234517744,14
363.0,Texas,2019,11.585491714462044,-0.012403000564053785,33.8,386.7327336717143,13
363.0,Texas,2021,11.585491714462044,-0.1144418450771279,30.9,317.0224639958768,11
363.0,Texas,2022,11.585491714462044,-0.3596491441847433,22.6,167.66441747735718,14
364.0,Texas,2019,3.3419633881314343,0.004218165956638805,33.8,113.4348396381371,13
364.0,Texas,2021,3.3419633881314343,0.10366239233377222,30.9,113.97153861834386,10
364.0,Texas,2022,3.3419633881314343,-0.2663158015717535,22.6,55.41397348890934,14
365.0,Texas,2019,0.2227985028060372,0.2556606302760772,33.8,9.455864625880231,13
365.0,Texas,2021,0.2227985028060372,0.006069337701262961,30.9,6.926257932710097,10
365.0,Texas,2022,0.2227985028060372,-0.004305923995090704,22.6,5.013564776140198,14
366.0,Texas,2019,0.2228144652686792,-0.11606342249018911,33.8,6.6570403277054915,13
366.0,Texas,2021,0.2228144652686792,-0.18183414498119574,30.9,5.633044893351593,9
366.0,Texas,2022,0.2228144652686792,-0.1506689960286438,22.6,4.276897076783333,14
367.0,Texas,2019,16.487078996951013,0.1655511001026691,33.8,649.5188175083041,13
367.0,Texas,2021,16.487078996951013,0.10912546337557043,30.9,565.0447891850704,10
367.0,Texas,2022,16.487078996951013,0.003262331012104904,22.6,373.82355591699644,14
368.0,Texas,2019,1.5595983316152011,0.03228074335779213,33.8,54.416084388356744,13
368.0,Texas,2021,1.5595983316152011,-0.058761298706018504,30.9,45.35978812306334,9
368.0,Texas,2022,1.5595983316152011,-0.0781145851814402,22.6,32.49362358054595,14
369.0,Texas,2019,0.8911986970216331,-0.052871862218280906,33.8,28.52988244586147,12
369.0,Texas,2021,0.8911986970216331,-0.06303090478230439,30.9,25.80229217735326,9
369.0,Texas,2022,0.8911986970216331,-0.22137089811438193,22.6,15.682439248037072,14
370.0,Texas,2019,0.2227996766130826,-0.018759609859810577,33.8,7.3893574061790055,12
370.0,Texas,2021,0.2227996766130826,-0.08906550758618789,30.9,6.271337629057946,9
370.0,Texas,2022,0.2227996766130826,-0.20261716963964413,22.6,4.015039990349126,14
371.0,Texas,2019,14.704625473987486,0.11445781102665686,33.8,553.9037434584934,13
371.0,Texas,2021,14.704625473987486,-0.048275834440350295,30.9,432.4376949411253,11
371.0,Texas,2022,14.704625473987486,-0.23449410330893722,22.6,254.39639170274543,14
372.0,Texas,2019,0.2227997526506048,-0.1820332206717315,33.8,6.159806508543352,13
372.0,Texas,2021,0.2227997526506048,-0.09313694625847713,30.9,6.243309899502927,9
372.0,Texas,2022,0.2227997526506048,-0.1704157513056301,22.6,4.177184338309922,14
373.0,Texas,2019,0.445599562186986,-0.013858982897948936,33.8,14.852531385065241,13
373.0,Texas,2021,0.445599562186986,-0.06415530780553218,30.9,12.885670340111268,9
373.0,Texas,2022,0.445599562186986,-0.11063061030899278,22.6,8.956439001115326,14
374.0,Texas,2019,0.2228095036333461,0.07900965666145729,33.8,8.125979883351834,13
374.0,Texas,2021,0.2228095036333461,0.3196514972049316,30.9,9.085554657392093,10
374.0,Texas,2022,0.2228095036333461,0.40277367475480513,22.6,7.0636595197141725,14
375.0,Texas,2019,8.466984345276812,0.002249508598637466,33.8,286.8278443985721,14
375.0,Texas,2021,8.466984345276812,-0.07209053820835735,30.9,242.7687820028638,9
375.0,Texas,2022,8.466984345276812,-0.2133169549308617,22.6,150.53482641686898,14
376.0,Texas,2019,0.2227974342722705,0.10109668585769963,33.8,8.291867257524094,13
376.0,Texas,2021,0.2227974342722705,-0.17046610521827746,30.9,5.710876923036867,10
376.0,Texas,2022,0.2227974342722705,-0.11493749985970594,22.6,4.456486184962004,14
377.0,Texas,2019,0.222799087487153,0.2244086097696405,33.8,9.220542688721425,12
377.0,Texas,2021,0.222799087487153,-0.149138209263136,30.9,5.8577510241142186,11
377.0,Texas,2022,0.222799087487153,-0.15846351928673652,22.6,4.237354455775474,14
378.0,Texas,2019,0.2227991060394151,0.20706590606173322,33.8,9.089942322280924,12
378.0,Texas,2021,0.2227991060394151,-0.10800629756340693,30.9,6.140923844415925,11
378.0,Texas,2022,0.2227991060394151,-0.09703581095425472,22.6,4.546659278772943,14
379.0,Texas,2019,0.2227991378013811,0.13779400231847813,33.8,8.568283867670315,12
379.0,Texas,2021,0.2227991378013811,0.01786510671477214,30.9,7.0074855665816065,10
379.0,Texas,2022,0.2227991378013811,-0.12780718566547863,22.6,4.391718038884586,14
380.0,Texas,2019,0.2227991763211588,0.09593773447584726,33.8,8.25308202946875,13
380.0,Texas,2021,0.2227991763211588,-0.07332265854408081,30.9,6.379705105308474,10
380.0,Texas,2022,0.2227991763211588,-0.17196664951389087,22.6,4.169364355077453,14
381.0,Texas,2019,0.2228134324354377,-0.18956398448457315,33.8,6.103469827056666,13
381.0,Texas,2021,0.2228134324354377,-0.016134279789979684,30.9,6.7738515936247605,10
381.0,Texas,2022,0.2228134324354377,0.06670783632113055,22.6,5.371496457812678,14
382.0,Texas,2019,4.9018006384683535,-0.11378088603592267,33.8,146.82954635043666,14
382.0,Texas,2021,4.9018006384683535,0.016801488270749204,30.9,154.01048789799492,11
382.0,Texas,2022,4.9018006384683535,-0.08565835467396961,22.6,101.2914024149239,14
383.0,Texas,2019,0.2228162240548995,-0.14487819817094458,33.8,6.4400833714813395,13
383.0,Texas,2021,0.2228162240548995,0.061052063989413576,30.9,7.305366085694763,10
383.0,Texas,2022,0.2228162240548995,-0.35915353228654584,22.6,3.2270763770472017,14
384.0,Texas,2019,0.2228091054281717,-0.06384973992396085,33.8,7.050098707393569,14
384.0,Texas,2021,0.2228091054281717,-0.12995299750341982,30.9,5.9901007840778115,11
384.0,Texas,2022,0.2228091054281717,-0.06821212963921536,22.6,4.692004573672313,14
385.0,Texas,2019,0.4455990404649082,0.01949292174935741,33.8,15.354835287999043,13
385.0,Texas,2021,0.4455990404649082,-0.26777715808762786,30.9,10.081983889065613,12
385.0,Texas,2022,0.4455990404649082,0.009020113726427456,22.6,10.161375715390124,14
386.0,Texas,2019,62.60676636500082,0.11214186107794136,33.8,2353.413071350043,13
386.0,Texas,2021,62.60676636500082,-0.20977386450421398,30.9,1528.7312439515167,12
386.0,Texas,2022,62.60676636500082,0.03025151662556285,22.6,1457.716181567555,14
387.0,Texas,2019,0.222806720419983,0.04217532882836514,33.8,7.848483948617649,13
387.0,Texas,2021,0.222806720419983,0.1302062418424644,30.9,7.781162175822211,10
387.0,Texas,2022,0.222806720419983,0.19105337444656137,22.6,5.997468134246388,13
388.0,Texas,2019,0.4456182599942653,-0.1137690017673232,33.8,13.348320180027406,14
388.0,Texas,2021,0.4456182599942653,-0.15060142298221152,30.9,11.6958822423072,11
388.0,Texas,2022,0.4456182599942653,-0.10531961943174888,22.6,9.010301666340185,14
389.0,Texas,2019,0.2228090728909183,-0.13073083833160798,33.8,6.546419692935207,14
389.0,Texas,2021,0.2228090728909183,-0.10696996952263617,30.9,6.148333468471268,11
389.0,Texas,2022,0.2228090728909183,-0.08287738787397413,22.6,4.6181571999331945,14
390.0,Texas,2019,0.2228090900609972,-0.09949834480353376,33.8,6.78163045847483,14
390.0,Texas,2021,0.2228090900609972,-0.03877798170975572,30.9,6.617822200172995,11
390.0,Texas,2022,0.2228090900609972,-0.0019564583250178485,22.6,5.025633717977985,14
391.0,Texas,2019,0.4455991558982725,0.03940582885631469,33.8,15.654752567125188,13
391.0,Texas,2021,0.4455991558982725,-0.3436859073761543,30.9,9.036797875429382,12
391.0,Texas,2022,0.4455991558982725,0.09279172094663526,22.6,11.005003746437573,14
392.0,Texas,2019,2.673594134496278,0.1339830255189098,33.8,102.47519035882466,13
392.0,Texas,2021,2.673594134496278,-0.2545882652770009,30.9,61.58148884976928,12
392.0,Texas,2022,2.673594134496278,0.14966569297706955,22.6,69.4665116462771,14
393.0,Texas,2019,1.7823971626054418,0.14742626347236656,33.8,69.12672289134933,13
393.0,Texas,2021,1.7823971626054418,-0.1516912899358276,30.9,46.72151186900457,12
393.0,Texas,2022,1.7823971626054418,0.10089849736580797,22.6,44.346586891283884,14
394.0,Texas,2019,0.6683986569509027,0.12724289450494228,33.8,25.46653012196584,13
394.0,Texas,2021,0.6683986569509027,-0.17341153540545712,30.9,17.07196014521053,12
394.0,Texas,2022,0.6683986569509027,0.10201670642717886,22.6,16.64685459520247,14
395.0,Texas,2019,0.2228153851270965,-0.2967458766892035,33.8,5.296319335476724,14
395.0,Texas,2021,0.2228153851270965,-0.24598207867453664,30.9,5.1914099201655555,10
395.0,Texas,2022,0.2228153851270965,-0.2617110803473864,22.6,3.7177481372647123,14
396.0,Texas,2019,0.2228154795585509,-0.20911365714124952,33.8,5.956294127900877,14
396.0,Texas,2021,0.2228154795585509,-0.26429348120805024,30.9,5.065338144688493,10
396.0,Texas,2022,0.2228154795585509,-0.2718568787137406,22.6,3.666659227900471,14
397.0,Texas,2019,0.2228155014770139,-0.15244937208739268,33.8,6.383042734670089,14
397.0,Texas,2021,0.2228155014770139,-0.2581329090462036,30.9,5.107754176115056,10
397.0,Texas,2022,0.2228155014770139,-0.2521258763981556,22.6,3.7660176223598163,14
398.0,Texas,2019,0.668446356307949,-0.20135416024276814,33.8,18.044194272938363,14
398.0,Texas,2021,0.668446356307949,-0.16677305476315724,30.9,17.21029622960417,10
398.0,Texas,2022,0.668446356307949,-0.20540722312404308,22.6,12.003823809800478,14
399.0,Texas,2019,0.4456310597814434,-0.1340335738497821,33.8,13.043471924251907,14
399.0,Texas,2021,0.4456310597814434,-0.22159934437105586,30.9,10.718576831267148,10
399.0,Texas,2022,0.4456310597814434,-0.20340322396137794,22.6,8.022734800855334,14
400.0,Texas,2019,2.0053460090852986,-0.050887866287748086,33.8,64.33148015758323,13
400.0,Texas,2021,2.0053460090852986,0.09656832266661988,30.9,67.94906630505996,10
400.0,Texas,2022,2.0053460090852986,0.06034686315453949,22.6,48.055789116171404,14
401.0,Texas,2019,0.2228160799365437,-0.20046224141529004,33.8,6.021465576563435,13
401.0,Texas,2021,0.2228160799365437,-0.31314190075070686,30.9,4.729029600654443,10
401.0,Texas,2022,0.2228160799365437,0.0928077461293464,22.6,5.502990121440372,14
402.0,Texas,2019,0.6684465014720596,-0.15836098993001646,33.8,19.015564030288655,14
402.0,Texas,2021,0.6684465014720596,-0.1338412661945603,30.9,17.89050595775,10
402.0,Texas,2022,0.6684465014720596,-0.14972548996389826,22.6,12.845004286453744,14
403.0,Texas,2019,0.4456326218661089,-0.19004737232588995,33.8,12.19981638135222,13
403.0,Texas,2021,0.4456326218661089,-0.1257786787388444,30.9,12.038069570082255,10
403.0,Texas,2022,0.4456326218661089,-0.11650256505987917,22.6,8.897965290582267,14
404.0,Texas,2019,0.4456310820302082,-0.17400067495143792,33.8,12.441474886643297,14
404.0,Texas,2021,0.4456310820302082,-0.17131373988647144,30.9,11.41101016202091,10
404.0,Texas,2022,0.4456310820302082,-0.18227622554849765,22.6,8.235510747280665,14
405.0,Texas,2019,0.2227993445235993,-0.26309622361027635,33.8,5.5493407284529255,14
405.0,Texas,2021,0.2227993445235993,-0.45877516326414625,30.9,3.7260622509173844,12
405.0,Texas,2022,0.2227993445235993,0.06609650318140563,22.6,5.3680786076344384,14
406.0,Texas,2019,0.2228163520059275,-0.208148370966487,33.8,5.963587206318504,13
406.0,Texas,2021,0.2228163520059275,-0.3321391622641215,30.9,4.598238749318672,11
406.0,Texas,2022,0.2228163520059275,-0.03515731313791139,22.6,4.858609647064302,14
407.0,Texas,2019,0.2228154208324938,-0.19117060190722152,33.8,6.0914245998594465,13
407.0,Texas,2021,0.2228154208324938,-0.1624271604000649,30.9,5.766686072259785,10
407.0,Texas,2022,0.2228154208324938,-0.1670868504513792,22.6,4.19424120289922,14
408.0,Texas,2019,0.6684465122438337,-0.1666815150049833,33.8,18.82757461905332,14
408.0,Texas,2021,0.6684465122438337,-0.1489756922007408,30.9,17.57790471883895,10
408.0,Texas,2022,0.6684465122438337,-0.12531727019586716,22.6,13.213736813299233,14
409.0,Texas,2019,2.6737931447810213,-0.12559437085110944,33.8,79.0237164617969,13
409.0,Texas,2021,2.6737931447810213,-0.09626722674826643,30.9,74.66658985948376,10
409.0,Texas,2022,2.6737931447810213,-0.04043522307112191,22.6,57.98431652908227,14
410.0,Texas,2019,0.2228162759516534,-0.1842856484627087,33.8,6.14329987088517,13
410.0,Texas,2021,0.2228162759516534,-0.1845918026292751,30.9,5.614104133684607,10
410.0,Texas,2022,0.2228162759516534,-0.05654859705880176,22.6,4.750889016070685,14
411.0,Texas,2019,0.4455979726557671,-0.0820473407772806,33.8,13.825479125294153,13
411.0,Texas,2021,0.4455979726557671,-0.3997182383430557,30.9,8.265265982911913,12
411.0,Texas,2022,0.4455979726557671,-0.12772684504680207,22.6,8.784239177551804,14
412.0,Texas,2019,0.6683980818927916,-0.3499866261156272,33.8,14.685008000043414,14
412.0,Texas,2021,0.6683980818927916,-0.1086702945689698,30.9,18.409078722224777,12
412.0,Texas,2022,0.6683980818927916,0.05245082851568163,22.6,15.89810820049976,14
413.0,Texas,2019,0.6684488661248518,-0.13390905615470264,33.8,19.568087816854437,13
413.0,Texas,2021,0.6684488661248518,-0.07322045628630254,30.9,19.14269631592267,10
413.0,Texas,2022,0.6684488661248518,-0.05373937500012405,22.6,14.295106625578592,14
414.0,Texas,2019,0.2228163201271701,-0.019689887752605453,33.8,7.382903302651311,13
414.0,Texas,2021,0.2228163201271701,-0.26831968401292805,30.9,5.0376367494976835,11
414.0,Texas,2022,0.2228163201271701,0.006623466549619711,22.6,5.069002286487464,14
415.0,Texas,2019,1.113996928483569,-0.26305607661312314,33.8,27.748220428575262,13
415.0,Texas,2021,1.113996928483569,-0.16926098237816145,30.9,28.596118062667536,12
415.0,Texas,2022,1.113996928483569,0.05821560665083006,22.6,26.641985941902274,14
416.0,Texas,2019,0.4455988396524609,-0.2526501774794699,33.8,11.256015624061183,13
416.0,Texas,2021,0.4455988396524609,-0.1879989391478271,30.9,11.180445972829933,12
416.0,Texas,2022,0.4455988396524609,0.07427993663989256,22.6,10.81857238696761,14
417.0,Texas,2019,0.2228030053613321,-0.25685228466277354,33.8,5.596453400873512,14
417.0,Texas,2021,0.2228030053613321,0.11559828238831209,30.9,7.68046228784453,10
417.0,Texas,2022,0.2228030053613321,0.1754772894235149,22.6,5.918937125676664,14
418.0,Texas,2019,0.2228030116796627,-0.3544050496956422,33.8,4.8618088747511665,14
418.0,Texas,2021,0.2228030116796627,0.061169755725159834,30.9,7.305743160099171,10
418.0,Texas,2022,0.2228030116796627,0.12943079972977556,22.6,5.687077190796545,14
419.0,Texas,2019,0.2228165999246087,0.11293689609687382,33.8,8.381751551020608,14
419.0,Texas,2021,0.2228165999246087,0.16132950686860809,30.9,7.9957919062789,11
419.0,Texas,2022,0.2228165999246087,0.1283678026162466,22.6,5.682071145699802,14
420.0,Texas,2019,0.2228029979207599,-0.46810749094317355,33.8,4.005544900923608,14
420.0,Texas,2021,0.2228029979207599,-0.04903435826536185,30.9,6.547030073251805,9
420.0,Texas,2022,0.2228029979207599,-0.14586181628398448,22.6,4.300882784133776,14
421.0,Texas,2019,0.2228150949463777,-0.1915221837640533,33.8,6.088767874868856,12
421.0,Texas,2021,0.2228150949463777,-0.15374495414200812,30.9,5.8264545103035195,11
421.0,Texas,2022,0.2228150949463777,0.0971822479776135,22.6,5.524994128699433,14
422.0,Texas,2019,0.2228140118673726,-0.28691571855709,33.8,5.370318730717579,14
422.0,Texas,2021,0.2228140118673726,-0.3754579111786674,30.9,4.299942907260582,11
422.0,Texas,2022,0.2228140118673726,-0.14790487651322465,22.6,4.290807364821707,14
423.0,Texas,2019,0.2228135123187035,-0.15335735148230284,33.8,6.376147670192273,13
423.0,Texas,2021,0.2228135123187035,-0.0453994042387558,30.9,6.572365468535471,10
423.0,Texas,2022,0.2228135123187035,0.19412284627507506,22.6,6.013107544719382,14
424.0,Texas,2019,0.6684432348735705,-0.31964089535054974,33.8,15.371612698619682,14
424.0,Texas,2021,0.6684432348735705,-0.5040520992726096,30.9,10.243752289911074,11
424.0,Texas,2022,0.6684432348735705,-0.22634820040998896,22.6,11.687416241791762,14
425.0,Texas,2019,0.222813372347509,-0.4866522193969728,33.8,3.8660693561945143,13
425.0,Texas,2021,0.222813372347509,-0.3125813203460784,30.9,4.732831693656394,11
425.0,Texas,2022,0.222813372347509,-0.03667096524039505,22.6,4.850922554680317,14
426.0,Texas,2019,0.2228144079240308,-0.3739072347463681,33.8,4.715184121288143,14
426.0,Texas,2021,0.2228144079240308,-0.4050246288055921,30.9,4.096384728417729,11
426.0,Texas,2022,0.2228144079240308,-0.1950986068769026,22.6,4.053165978018481,14
427.0,Texas,2019,0.2228134136165984,-0.2584637083114181,33.8,5.5845790575443575,13
427.0,Texas,2021,0.2228134136165984,0.019477773078920065,30.9,7.019037672232226,10
427.0,Texas,2022,0.2228134136165984,0.09653264591466341,22.6,5.521681312709285,14
428.0,Texas,2019,0.2228134455076591,-0.17928954784417095,33.8,6.180847937983831,13
428.0,Texas,2021,0.2228134455076591,0.09366857749465628,30.9,7.529837577446878,10
428.0,Texas,2022,0.2228134455076591,0.13339781421155972,22.6,5.7073197498063974,14
429.0,Texas,2019,29.857478116762813,-0.042255825666200626,33.8,966.5389095600426,14
429.0,Texas,2021,29.857478116762813,-0.12890890031268198,30.9,803.6652285005874,10
429.0,Texas,2022,29.857478116762813,-0.01522509598419456,22.6,664.505430312914,14
430.0,Texas,2019,0.2228168821216831,0.05540131125789589,33.8,7.948449559182769,14
430.0,Texas,2021,0.2228168821216831,-0.06897648884812163,30.9,6.410135658448467,10
430.0,Texas,2022,0.2228168821216831,-0.08563058055624932,22.6,4.604454915141862,14
431.0,Texas,2019,0.4456335932520667,0.11883306162754473,33.8,16.852328395577526,14
431.0,Texas,2021,0.4456335932520667,0.1473628151830743,30.9,15.799275495499666,10
431.0,Texas,2022,0.4456335932520667,0.007618717487254742,22.6,10.14804974326259,14
432.0,Texas,2019,11.585498780058009,-0.04875760777319705,33.8,372.49687402428833,14
432.0,Texas,2021,11.585498780058009,-0.19333956038553726,30.9,288.7779133573994,12
432.0,Texas,2022,11.585498780058009,-0.0704672313021385,22.6,243.3816771256702,14
433.0,Texas,2019,0.2228108161080894,-0.3245143737345197,33.8,5.087086023623348,14
433.0,Texas,2021,0.2228108161080894,-0.4715855933522404,30.9,3.6380561563233873,11
433.0,Texas,2022,0.2228108161080894,-0.10861269808210025,22.6,4.488602547916962,14
434.0,Texas,2019,0.6684503547943768,0.06565321704051792,33.8,24.076965960425408,14
434.0,Texas,2021,0.6684503547943768,0.10074206479278273,30.9,22.73595499380796,10
434.0,Texas,2022,0.6684503547943768,-0.051058402212717874,22.6,14.335639858473165,14
435.0,Texas,2019,2.673576916511649,0.01256556097544455,33.8,91.50241056741724,14
435.0,Texas,2021,2.673576916511649,-0.2792208948838221,30.9,59.54610385988437,11
435.0,Texas,2022,2.673576916511649,-0.02127085706277077,22.6,59.13759275607706,14
436.0,Texas,2019,0.2228140055414816,-0.19826328686837041,33.8,6.03797009335718,12
436.0,Texas,2021,0.2228140055414816,-0.2381246763141992,30.9,5.245475621143664,10
436.0,Texas,2022,0.2228140055414816,-0.021119095786663253,22.6,4.929249279878006,14
437.0,Texas,2019,2.896373873755355,-0.06080085008915618,33.8,91.94518954585924,14
437.0,Texas,2021,2.896373873755355,-0.13560679001742887,30.9,77.36142262039189,10
437.0,Texas,2022,2.896373873755355,-0.04623876120170086,22.6,62.431350425144146,14
438.0,Texas,2019,0.2228167654581651,-0.09128850011556999,33.8,6.8436941112943614,14
438.0,Texas,2021,0.2228167654581651,0.0008545325100631463,30.9,6.890921541506318,10
438.0,Texas,2022,0.2228167654581651,0.0063509525120737965,22.6,5.067640129891333,14
439.0,Texas,2019,22.279819835739023,-0.02973386231270998,33.8,730.6665902252215,14
439.0,Texas,2021,22.279819835739023,-0.163734590848175,30.9,575.7239379085842,12
439.0,Texas,2022,22.279819835739023,-0.1378669767837971,22.6,434.104606556375,14
440.0,Texas,2019,0.2228168028322606,0.16298706732447085,33.8,8.75869743058589,14
440.0,Texas,2021,0.2228168028322606,0.03702143720250393,30.9,7.139933254174715,10
440.0,Texas,2022,0.2228168028322606,0.08344599523017823,22.6,5.455865382988473,14
441.0,Texas,2019,0.6684506319203094,0.038584702836748176,33.8,23.465399910892895,14
441.0,Texas,2021,0.6684506319203094,0.030985049398362084,30.9,21.29512458011545,10
441.0,Texas,2022,0.6684506319203094,-0.02487640454666086,22.6,14.731176828934865,14
442.0,Texas,2019,1.3368002368383978,0.20545859087314314,33.8,54.46725774649974,12
442.0,Texas,2021,1.3368002368383978,-0.1171532913917999,30.9,36.46786139502675,11
442.0,Texas,2022,1.3368002368383978,-0.02321352613285878,22.6,29.51036560509872,14
443.0,Texas,2019,0.2228168796408705,0.08426102877345246,33.8,8.165798079185526,14
443.0,Texas,2021,0.2228168796408705,0.2106807572947716,30.9,8.33558735517351,9
443.0,Texas,2022,0.2228168796408705,0.06392060741954832,22.6,5.35754402043706,14
444.0,Texas,2019,4.233161497834342,-0.13796278954463165,33.8,123.34102424020624,14
444.0,Texas,2021,4.233161497834342,-0.013887517935971753,30.9,128.98813780066564,9
444.0,Texas,2022,4.233161497834342,-0.010594666766376815,22.6,94.6558639101616,14
445.0,Texas,2019,13.590802597777378,0.0351214140106282,33.8,475.50282112621153,13
445.0,Texas,2021,13.590802597777378,-0.15084419823114878,30.9,356.6079042868731,12
445.0,Texas,2022,13.590802597777378,-0.014837298127425699,22.6,302.5948308572555,14
446.0,Texas,2019,0.2227979929526694,-0.11940991906443263,33.8,6.63134714945079,14
446.0,Texas,2021,0.2227979929526694,0.22560929870017965,30.9,8.437655719540937,8
446.0,Texas,2022,0.2227979929526694,0.020215758292091237,22.6,5.137025727171298,14
447.0,Texas,2019,0.4455959912814007,-0.1099864354679606,33.8,13.404622907104287,14
447.0,Texas,2021,0.4455959912814007,0.25618154920246244,30.9,17.296258395769954,8
447.0,Texas,2022,0.4455959912814007,0.03513404273316139,22.6,10.424285705306236,14
448.0,Texas,2019,4.455962452742077,-0.1388395249427769,33.8,129.70069750124944,14
448.0,Texas,2021,4.455962452742077,0.25615018264364725,30.9,172.9583637099345,9
448.0,Texas,2022,4.455962452742077,0.0005875798897592322,22.6,100.76392351871557,14
449.0,Texas,2019,0.2228099641407956,-0.09168609970646076,33.8,6.8404908992910505,14
449.0,Texas,2021,0.2228099641407956,-0.4347138415086311,30.9,3.8918979109149743,11
449.0,Texas,2022,0.2228099641407956,0.1577565028517389,22.6,5.829888878382217,14
450.0,Texas,2019,60.82377043429711,-0.09875992526929946,33.8,1852.8084961123807,14
450.0,Texas,2021,60.82377043429711,0.16660321946673176,30.9,2192.577678030573,10
450.0,Texas,2022,60.82377043429711,0.038387661589579326,22.6,1427.3855521574844,14
451.0,Texas,2019,18.93930881685188,-0.08029943775271757,33.8,588.7450622992552,13
451.0,Texas,2021,18.93930881685188,-0.1399820171796146,30.9,503.303716488652,9
451.0,Texas,2022,18.93930881685188,-0.11915614959532822,22.6,377.02616567060056,13
452.0,Texas,2019,0.2228016744474329,-0.09186317542206231,33.8,6.838902893844863,14
452.0,Texas,2021,0.2228016744474329,-0.2422245735020533,30.9,5.2169592868567785,12
452.0,Texas,2022,0.2228016744474329,0.16254551973655743,22.6,5.853786198261855,14
453.0,Texas,2019,0.8912621912149801,0.06702119119242653,33.8,32.14365279880233,13
453.0,Texas,2021,0.8912621912149801,0.03632986802621752,30.9,28.540526336056054,9
453.0,Texas,2022,0.8912621912149801,-0.09373015049609386,22.6,18.25456357296083,13
454.0,Texas,2019,0.2228153037418302,-0.025108636250967268,33.8,7.342060178121139,13
454.0,Texas,2021,0.2228153037418302,-0.17870745069197574,30.9,5.654593359000557,9
454.0,Texas,2022,0.2228153037418302,-0.27055028234461664,22.6,3.6732358651253496,13
455.0,Texas,2019,0.4456309475899469,-0.003751017273205888,33.8,15.005826983432492,13
455.0,Texas,2021,0.4456309475899469,-0.0013461498651074078,30.9,13.751459801893795,9
455.0,Texas,2022,0.4456309475899469,-0.16316036749869203,22.6,8.428029028119807,13
456.0,Texas,2019,0.6684457637070508,0.03114053090567554,33.8,23.297039364864187,14
456.0,Texas,2021,0.6684457637070508,-0.18578223217001208,30.9,16.81764690510586,9
456.0,Texas,2022,0.6684457637070508,-0.2786239386488008,22.6,10.897737452847439,14
457.0,Texas,2019,0.2228138822724004,-0.2721121831636788,33.8,5.481802649089191,13
457.0,Texas,2021,0.2228138822724004,-0.11748827899171496,30.9,6.076048157700482,9
457.0,Texas,2022,0.2228138822724004,-0.12437458953248018,22.6,4.409293834971489,14
458.0,Texas,2019,0.8912610915168687,0.08861214912575273,33.8,32.794032646669976,13
458.0,Texas,2021,0.8912610915168687,-0.1392975384497241,30.9,23.703718014393935,9
458.0,Texas,2022,0.8912610915168687,-0.1629860449073607,22.6,16.859554149814205,13
459.0,Texas,2019,0.2228162436835605,-0.11197281355958205,33.8,6.687900610637875,13
459.0,Texas,2021,0.2228162436835605,-0.021983587234177905,30.9,6.733664449618549,9
459.0,Texas,2022,0.2228162436835605,0.27371840229679273,22.6,6.413996387974985,13
460.0,Texas,2019,2.896598059194465,0.12260299744346836,33.8,109.9084626310536,14
460.0,Texas,2021,2.896598059194465,-0.07559610704952806,30.9,82.73865953697327,9
460.0,Texas,2022,2.896598059194465,-0.1801473431498578,22.6,53.67010969126058,14
461.0,Texas,2019,8.2441698194106,0.2631247667615481,33.8,351.9734297136535,13
461.0,Texas,2021,8.2441698194106,-0.1219777189158619,30.9,223.6716520259525,10
461.0,Texas,2022,8.2441698194106,-0.1472698484714857,22.6,158.8791792529214,13
462.0,Texas,2019,7.798483916069994,-0.09409878264712704,33.8,238.78537526992173,14
462.0,Texas,2021,7.798483916069994,-0.019324990730220926,30.9,236.31634905847886,9
462.0,Texas,2022,7.798483916069994,-0.1458456832399305,22.6,150.54105664475057,14
463.0,Texas,2019,2.2281517924178504,0.03741312388459402,33.8,78.12917020739057,14
463.0,Texas,2021,2.2281517924178504,-0.004686879041222484,30.9,68.52719927747232,10
463.0,Texas,2022,2.2281517924178504,-0.1796688410981007,22.6,41.308784931086635,13
464.0,Texas,2019,0.2228152030199091,0.1613574342204816,33.8,8.746361525976685,14
464.0,Texas,2021,0.2228152030199091,-0.021453930723726207,30.9,6.737279679684923,9
464.0,Texas,2022,0.2228152030199091,-0.12142159749151621,22.6,4.424190127798676,13
465.0,Texas,2019,1.1140755719732036,-0.033456532814874325,33.8,36.39592335219365,14
465.0,Texas,2021,1.1140755719732036,-0.019797940252199313,30.9,33.74339236421186,9
465.0,Texas,2022,1.1140755719732036,-0.18365604980716096,22.6,20.553996083177708,13
466.0,Texas,2019,0.2228151675734729,-0.05970835269588039,33.8,7.081479944515744,14
466.0,Texas,2021,0.2228151675734729,-0.06088520272823344,30.9,6.465794746577454,9
466.0,Texas,2022,0.2228151675734729,-0.008737209809211902,22.6,4.991625494349019,13
467.0,Texas,2019,0.2228153607072971,0.288452691527552,33.8,9.703542331134576,13
467.0,Texas,2021,0.2228153607072971,0.10018246203200093,30.9,7.574750360554426,10
467.0,Texas,2022,0.2228153607072971,-0.058104738814806586,22.6,4.743033351550083,13
468.0,Texas,2019,0.2228138194597514,-0.1839527423859916,33.8,6.145739293907792,13
468.0,Texas,2021,0.2228138194597514,0.02614170632123416,30.9,7.0649312843745635,10
468.0,Texas,2022,0.2228138194597514,-0.2019120559124573,22.6,4.018845521764526,14
469.0,Texas,2019,4.233463280968903,-0.14038108267081179,33.8,123.0037811283104,14
469.0,Texas,2021,4.233463280968903,0.0020044564587545057,30.9,131.07622637996704,10
469.0,Texas,2022,4.233463280968903,-0.1278830753853877,22.6,83.44089448172518,14
470.0,Texas,2019,0.222797970861602,-0.1732219873390874,33.8,6.2261108687957645,11
470.0,Texas,2021,0.222797970861602,-0.06789980160234446,30.9,6.417004014839254,9
470.0,Texas,2022,0.222797970861602,-0.03995959089436437,22.6,4.83402824512164,14
471.0,Texas,2019,14.03627116738805,-0.1057716142299348,33.8,424.2451652586581,12
471.0,Texas,2021,14.03627116738805,-0.01143722934446784,30.9,428.76021505057963,10
471.0,Texas,2022,14.03627116738805,-0.08070902375027561,22.6,291.6172337908528,14
472.0,Texas,2019,27.181368695395573,-0.16177614486169353,33.8,770.1016219657072,12
472.0,Texas,2021,27.181368695395573,0.1076362203963789,30.9,930.3084162473236,10
472.0,Texas,2022,27.181368695395573,-0.04459749490957454,22.6,586.9027390001033,14
473.0,Texas,2019,0.2228135891926846,-0.18361741479086563,33.8,6.148258328011926,14
473.0,Texas,2021,0.2228135891926846,-0.1946297910331928,30.9,5.544925490862583,10
473.0,Texas,2022,0.2228135891926846,-0.09306765812693747,22.6,4.566936815597205,14
474.0,Texas,2019,0.2228135562709801,-0.157583682331054,33.8,6.344320015297628,14
474.0,Texas,2021,0.2228135562709801,-0.24417945420391807,30.9,5.203778268685293,11
474.0,Texas,2022,0.2228135562709801,-0.11678442698499064,22.6,4.4475083027689175,14
475.0,Texas,2019,0.4455959422605561,-0.057047091396083306,33.8,14.201948455804267,13
475.0,Texas,2021,0.4455959422605561,0.14999467645617778,30.9,15.834178508808517,10
475.0,Texas,2022,0.4455959422605561,0.04281606580915977,22.6,10.50164612834014,14
476.0,Texas,2019,0.6684406574079536,-0.279873782320396,33.8,16.27002351185106,14
476.0,Texas,2021,0.6684406574079536,-0.1638269370491022,30.9,17.271001021886754,10
476.0,Texas,2022,0.6684406574079536,-0.20058323570083367,22.6,12.076596284846268,14
477.0,Texas,2019,0.2228152979000181,0.0233945301614674,33.8,7.707344950222562,11
477.0,Texas,2021,0.2228152979000181,0.026352679192981524,30.9,7.066430709114357,10
477.0,Texas,2022,0.2228152979000181,-0.05143219174721434,22.6,4.776632464297184,14
478.0,Texas,2019,2.0051930106224174,0.08307019378304545,33.8,73.40564965144836,12
478.0,Texas,2021,2.0051930106224174,0.26654888013466543,30.9,78.47595632758234,10
478.0,Texas,2022,2.0051930106224174,-0.05397665349682288,22.6,42.871282491839885,14
479.0,Texas,2019,2.005338533036467,0.09296623619885641,33.8,74.08173503600023,12
479.0,Texas,2021,2.005338533036467,0.06310986944244643,30.9,65.87556124876903,9
479.0,Texas,2022,2.005338533036467,-0.07215667360848399,22.6,42.05046343576023,14
480.0,Texas,2019,3.5650204737020093,-0.17045291475734956,33.8,99.95850918629775,14
480.0,Texas,2021,3.5650204737020093,-0.09155657868203178,30.9,100.07333934253231,10
480.0,Texas,2022,3.5650204737020093,-0.12752809128778675,22.6,70.29459291072939,14
481.0,Texas,2019,2.2279802958753643,0.012412488619504157,33.8,76.240465566853,13
481.0,Texas,2021,2.2279802958753643,0.0936404344888721,30.9,75.29122856934578,10
481.0,Texas,2022,2.2279802958753643,0.14380467974864422,22.6,57.59325892710625,14
482.0,Texas,2019,1.3367877582775016,0.03508923449345508,33.8,46.76887806797401,12
482.0,Texas,2021,1.3367877582775016,0.07901564158296256,30.9,44.570620430333705,10
482.0,Texas,2022,1.3367877582775016,0.033398364074568754,22.6,31.220414784926692,14
483.0,Texas,2019,0.4456297954980329,0.0797835891822869,33.8,16.264010412994885,13
483.0,Texas,2021,0.4456297954980329,0.02483376087429055,30.9,14.111920591686802,10
483.0,Texas,2022,0.4456297954980329,-0.29318688400123166,22.6,7.118479846035602,14
484.0,Texas,2019,0.89125975672914,-0.11853604275515066,33.8,26.553731300964774,13
484.0,Texas,2021,0.89125975672914,-0.20959680748206674,30.9,21.767645813817385,11
484.0,Texas,2022,0.89125975672914,-0.3631114327271586,22.6,12.828509179404287,14
485.0,Texas,2019,0.2228152962740431,-0.008745924923788895,33.8,7.465290080228397,11
485.0,Texas,2021,0.2228152962740431,0.059812047738082755,30.9,7.2967981642172415,9
485.0,Texas,2022,0.2228152962740431,-0.15138435495937047,22.6,4.273310748018863,14
486.0,Texas,2019,22.727094514092204,-0.19594979326977602,33.8,617.6519064342413,13
486.0,Texas,2021,22.727094514092204,-0.28518459264420737,30.9,501.99142928392655,11
486.0,Texas,2022,22.727094514092204,-0.15653887786469747,22.6,433.22890650312723,14
487.0,Texas,2019,0.2228150171305674,-0.1046133981646045,33.8,6.743288638693475,13
487.0,Texas,2021,0.2228150171305674,0.014442232619390934,30.9,6.984418570266973,10
487.0,Texas,2022,0.2228150171305674,-0.36308930496212133,22.6,3.2072398438164473,14
488.0,Texas,2019,0.2228150620871355,-0.29545144511475496,33.8,5.3060602140053215,12
488.0,Texas,2021,0.2228150620871355,-0.13380608287668677,30.9,5.963732488980901,10
488.0,Texas,2022,0.2228150620871355,-0.30476668807802293,22.6,3.5009310504772486,14
489.0,Texas,2019,0.2228153300261956,-0.017101286970880973,33.8,7.402365658055625,11
489.0,Texas,2021,0.2228153300261956,0.056326976411692764,30.9,7.272804575420609,9
489.0,Texas,2022,0.2228153300261956,-0.1766734013478934,22.6,4.145965204235122,14
490.0,Texas,2019,0.2227986967901468,-0.016896960373729026,33.8,7.403351770123784,10
490.0,Texas,2021,0.2227986967901468,0.34329075696436634,30.9,9.247857988913038,10
490.0,Texas,2022,0.2227986967901468,-0.018814787043654177,22.6,4.9405133806954655,14
491.0,Texas,2019,7.798531865251096,-0.178078952502796,33.8,216.6504788114096,13
491.0,Texas,2021,7.798531865251096,0.05431513428987354,30.9,254.06320427698046,10
491.0,Texas,2022,7.798531865251096,-0.05947465096660126,22.6,165.76460204200217,14
492.0,Texas,2019,28.07261268661558,0.01870461052756227,33.8,966.6022591012522,12
492.0,Texas,2021,28.07261268661558,0.1784184624380839,30.9,1022.2117089343448,11
492.0,Texas,2022,28.07261268661558,0.0891931642012783,22.6,691.0288511734182,14
493.0,Texas,2019,0.4455968547641245,0.017908264595112727,33.8,15.330893174599275,12
493.0,Texas,2021,0.4455968547641245,0.10026945110661145,30.9,15.149547150310212,11
493.0,Texas,2022,0.4455968547641245,0.197780753554743,22.6,12.062237804470518,14
494.0,Texas,2019,0.4456291101106046,-0.3339973306372044,33.8,10.031507978524727,13
494.0,Texas,2021,0.4456291101106046,-0.13944091616860763,30.9,11.849846522614259,9
494.0,Texas,2022,0.4456291101106046,-0.1699779187366961,22.6,8.359333232668709,14
495.0,Texas,2019,5.1243653530003845,-0.005866098975375381,33.8,172.18751977049504,12
495.0,Texas,2021,5.1243653530003845,0.09099306174040786,30.9,172.75099371974235,11
495.0,Texas,2022,5.1243653530003845,0.284058587923829,22.6,148.70766866545597,14
496.0,Texas,2019,0.4456291601237924,-0.17606431229341632,33.8,12.4103381755942,13
496.0,Texas,2021,0.4456291601237924,-0.09158679034246796,30.9,12.508796344049877,9
496.0,Texas,2022,0.4456291601237924,-0.09030410901667499,22.6,9.161746558593391,14
497.0,Texas,2019,0.2228164790754756,-0.4743926009840928,33.8,3.958452862836314,13
497.0,Texas,2021,0.2228164790754756,-0.38469570095227296,30.9,4.236388067940978,10
497.0,Texas,2022,0.2228164790754756,-0.3503841309764572,22.6,3.2712397275348133,14
498.0,Texas,2019,0.4455964036419866,-0.3135039120756666,33.8,10.339426350796106,13
498.0,Texas,2021,0.4455964036419866,0.078830792791178,30.9,14.854344451444849,10
498.0,Texas,2022,0.4455964036419866,-0.07187860026925441,22.6,9.346626807708025,14
499.0,Texas,2019,15.59583966557448,-0.14761120512536965,33.8,449.3277014427783,14
499.0,Texas,2021,15.59583966557448,0.10579171221935002,30.9,532.8936826413865,10
499.0,Texas,2022,15.59583966557448,0.11187264532114954,22.6,391.89727761225,14
500.0,Texas,2019,0.2227981435237983,-0.3185681378656872,33.8,5.131575279166353,14
500.0,Texas,2021,0.2227981435237983,0.08674446622627636,30.9,7.481651671403242,10
500.0,Texas,2022,0.2227981435237983,0.0714553462269213,22.6,5.39503272138095,14
501.0,Texas,2019,6.015995965643935,-0.023564115686380425,33.8,198.54912071703575,13
501.0,Texas,2021,6.015995965643935,-0.06060750999001027,30.9,174.62768618873991,10
501.0,Texas,2022,6.015995965643935,-0.10132130078253906,22.6,122.1857118931939,14
502.0,Texas,2019,0.2228147207699331,-0.005935013448474414,33.8,7.486440159310817,13
502.0,Texas,2021,0.2228147207699331,0.13104697241685193,30.9,7.787229983905237,9
502.0,Texas,2022,0.2228147207699331,-0.04217187383508327,22.6,4.823251466380746,14
503.0,Texas,2019,0.2228165920047267,-0.24689159843694997,33.8,5.671810603688522,11
503.0,Texas,2021,0.2228165920047267,-0.274812226408974,30.9,4.992941529698975,10
503.0,Texas,2022,0.2228165920047267,-0.08104991112477421,22.6,4.627515590778979,14
504.0,Texas,2019,0.2228163498347436,-0.5757515583984837,33.8,3.1950967343086147,13
504.0,Texas,2021,0.2228163498347436,-0.3150525952916094,30.9,4.715880148868448,9
504.0,Texas,2022,0.2228163498347436,-0.3311323272601954,22.6,3.3681831659889547,14
505.0,Texas,2019,0.4456292580421266,-0.22907981764171467,33.8,11.611807103941997,13
505.0,Texas,2021,0.4456292580421266,0.04674426905099967,30.9,14.413610044090694,9
505.0,Texas,2022,0.4456292580421266,-0.07259388156499207,22.6,9.34011219043942,14
506.0,Texas,2019,0.222814609330322,-0.1509386237893874,33.8,6.394394824718762,13
506.0,Texas,2021,0.222814609330322,0.21557258900423992,30.9,8.369182544327298,9
506.0,Texas,2022,0.222814609330322,0.002825445671370718,22.6,5.049838013825259,14
507.0,Texas,2019,45.22792191205596,-0.09396170403067146,33.8,1385.0641503208367,14
507.0,Texas,2021,45.22792191205596,0.0929074707531068,30.9,1527.3849526996146,10
507.0,Texas,2022,45.22792191205596,0.26029387346514066,22.6,1288.2106874343206,14
508.0,Texas,2019,0.2227983545672661,0.09537237431267502,33.8,8.248794097073258,12
508.0,Texas,2021,0.2227983545672661,0.03150403728512303,30.9,7.101357729111474,9
508.0,Texas,2022,0.2227983545672661,0.16572686687729,22.6,5.869717828621591,14
509.0,Texas,2019,0.6683934145906979,-0.13736786730270523,33.8,19.488324120770987,14
509.0,Texas,2021,0.6683934145906979,0.2573537483524618,30.9,25.968575224980192,10
509.0,Texas,2022,0.6683934145906979,0.3012381850115787,22.6,19.656102161070624,14
510.0,Texas,2019,2.228146001062557,-0.0683313220800021,33.8,70.16521175896666,13
510.0,Texas,2021,2.228146001062557,0.24311359759769255,30.9,85.58801247283202,9
510.0,Texas,2022,2.228146001062557,0.05320596186150599,22.6,53.03534434010326,14
511.0,Texas,2019,4.901552925020183,-0.12375664329498186,33.8,145.16941775734009,14
511.0,Texas,2021,4.901552925020183,0.19367182924177964,30.9,180.7911304655479,10
511.0,Texas,2022,4.901552925020183,0.2772386583986744,22.6,141.48623513371703,14
512.0,Texas,2019,29.854968779088136,0.06818864899109431,33.8,1077.9069702842244,14
512.0,Texas,2021,29.854968779088136,0.2147960812324602,30.9,1120.6719015149495,10
512.0,Texas,2022,29.854968779088136,0.14979604931856733,22.6,775.7930284967784,14
513.0,Texas,2019,28.072642569254576,0.18597404410316257,33.8,1125.3177797544247,12
513.0,Texas,2021,28.072642569254576,0.1772218464115621,30.9,1021.1747988780173,10
513.0,Texas,2022,28.072642569254576,-0.1687712352039244,22.6,527.3662089673127,14
514.0,Texas,2019,0.2227985168117832,0.1905093265258277,33.8,8.965237472378567,11
514.0,Texas,2021,0.2227985168117832,0.16788651520366502,30.9,8.040284546808433,10
514.0,Texas,2022,0.2227985168117832,0.15220871984402523,22.6,5.801654900758061,13
515.0,Texas,2019,0.891193691814141,0.050128863150153545,33.8,31.632345782980376,11
515.0,Texas,2021,0.891193691814141,0.2369763721954311,30.9,34.06371318055262,10
515.0,Texas,2022,0.891193691814141,0.0897915573372553,22.6,21.94946716518272,13
516.0,Texas,2019,0.668395459505667,0.04921353557736581,33.8,23.7035872372348,11
516.0,Texas,2021,0.668395459505667,0.2108594111502792,30.9,25.008387614637865,10
516.0,Texas,2022,0.668395459505667,0.06774685153992983,22.6,16.129103532839192,13
517.0,Texas,2019,0.4455970480725819,0.15847726720699867,33.8,17.448034907800103,11
517.0,Texas,2021,0.4455970480725819,0.14296374320097993,30.9,15.737409243752264,10
517.0,Texas,2022,0.4455970480725819,0.10002043856521074,22.6,11.077748441518127,13
518.0,Texas,2019,6.461163555189208,0.16270528760284464,33.8,253.92010120336263,12
518.0,Texas,2021,6.461163555189208,0.1299621391489221,30.9,225.59688893937093,10
518.0,Texas,2022,6.461163555189208,-0.074701254278944,22.6,135.11424765744295,14
519.0,Texas,2019,0.2227988357443816,0.17687232172751213,33.8,8.862555468802881,11
519.0,Texas,2021,0.2227988357443816,0.06453926674386826,30.9,7.328803575352587,9
519.0,Texas,2022,0.2227988357443816,-0.13580104961050857,22.6,4.351460951961474,14
520.0,Texas,2019,0.2227987248952286,0.0893371502954423,33.8,8.203358968658735,12
520.0,Texas,2021,0.2227987248952286,0.10846474980564218,30.9,7.631204065003375,8
520.0,Texas,2022,0.2227987248952286,-0.0005987673325023755,22.6,5.032236238713063,13
521.0,Texas,2019,0.2228153017770543,-0.09653505844536207,33.8,6.804136499595005,12
521.0,Texas,2021,0.2228153017770543,-0.34526549235760084,30.9,4.507842387339539,9
521.0,Texas,2022,0.2228153017770543,-0.05168978845670258,22.6,4.775335386770173,14
522.0,Texas,2019,5.792767347982606,0.01798175324616257,33.8,199.3162833833702,12
522.0,Texas,2021,5.792767347982606,-0.011604937840883038,30.9,176.9192676681614,11
522.0,Texas,2022,5.792767347982606,-0.030261946144157687,22.6,126.95475271907448,14
523.0,Texas,2019,19.60621928098994,-0.12187845662762338,33.8,581.9225514735405,14
523.0,Texas,2021,19.60621928098994,0.16565371477949092,30.9,706.1905262339167,11
523.0,Texas,2022,19.60621928098994,0.12347134617885792,22.6,497.81077786147125,14
524.0,Texas,2019,1.3367865489658872,0.09402635008869671,33.8,49.431814164633124,13
524.0,Texas,2021,1.3367865489658872,0.15918054159702447,30.9,47.881927935143736,10
524.0,Texas,2022,1.3367865489658872,0.1899455055349308,22.6,35.94989109511409,14
525.0,Texas,2019,0.22279777949696,-0.06946445579548093,33.8,7.00745835112156,13
525.0,Texas,2021,0.22279777949696,-0.017497857961826842,30.9,6.763988233950754,11
525.0,Texas,2022,0.22279777949696,0.008253565226467675,22.6,5.076788414353118,14
526.0,Texas,2019,0.222797882796211,0.004120210086884423,33.8,7.561595962552261,13
526.0,Texas,2021,0.222797882796211,0.11518133525081897,30.9,7.67741524921698,11
526.0,Texas,2022,0.222797882796211,0.07890902052885283,22.6,5.432557388380505,14
527.0,Texas,2019,0.2227980762252814,0.09763121740454266,33.8,8.265794179118044,12
527.0,Texas,2021,0.2227980762252814,0.3343123656015675,30.9,9.186020849514675,10
527.0,Texas,2022,0.2227980762252814,0.2138629113794767,22.6,6.112086864918407,14
528.0,Texas,2019,6.461140467902159,0.12619067466269568,33.8,245.9448936211366,12
528.0,Texas,2021,6.461140467902159,0.2252901075396821,30.9,244.62823931121517,11
528.0,Texas,2022,6.461140467902159,0.31734329434781366,22.6,192.36080556460263,14
529.0,Texas,2019,0.4455960802557218,0.12177027178831551,33.8,16.895147538701895,12
529.0,Texas,2021,0.4455960802557218,0.30503108378643723,30.9,17.968867128405787,10
529.0,Texas,2022,0.4455960802557218,0.35439370961569255,22.6,13.639383135687352,14
530.0,Texas,2019,0.6683940038958892,0.2776457711857876,33.8,28.864212112646964,12
530.0,Texas,2021,0.6683940038958892,0.21102289231093685,30.9,25.011709589859777,10
530.0,Texas,2022,0.6683940038958892,0.2788025129233358,22.6,19.31721285879194,14
531.0,Texas,2019,0.2227979890620316,0.28487624507516063,33.8,9.675853113555611,12
531.0,Texas,2021,0.2227979890620316,0.1769021585590008,30.9,8.102333318316028,10
531.0,Texas,2022,0.2227979890620316,0.3327853675282867,22.6,6.710886934047228,14
532.0,Texas,2019,14.92750699290567,-0.13156907855904784,33.8,438.16659246008805,13
532.0,Texas,2021,14.92750699290567,0.14967060463411214,30.9,530.2970240976064,10
532.0,Texas,2022,14.92750699290567,0.08798464881043318,22.6,367.0443050443938,14
533.0,Texas,2019,34.75647367373315,-0.04415220105498778,33.8,1122.9001814723295,14
533.0,Texas,2021,34.75647367373315,0.05663696693879407,30.9,1134.8017251547344,11
533.0,Texas,2022,34.75647367373315,0.16148654774046237,22.6,912.3433915879667,14
534.0,Texas,2019,2.6735765988053206,0.1012083129680779,33.8,99.51276942749324,12
534.0,Texas,2021,2.6735765988053206,0.14477567265510524,30.9,94.57394438313236,10
534.0,Texas,2022,2.6735765988053206,0.3008938841147984,22.6,78.60369148182126,14
535.0,Texas,2019,0.4455975581666828,-0.13262099028913032,33.8,13.063766543148324,12
535.0,Texas,2021,0.4455975581666828,0.3377420729045731,30.9,18.41932317532223,9
535.0,Texas,2022,0.4455975581666828,0.14967021399154007,22.6,11.577759425166114,14
536.0,Texas,2019,0.4456289968889611,-0.2800603584363531,33.8,10.84391813382249,13
536.0,Texas,2021,0.4456289968889611,-0.1780015032824155,30.9,11.318866695077578,9
536.0,Texas,2022,0.4456289968889611,-0.2832384064219587,22.6,7.218660348976578,14
537.0,Texas,2019,0.222814553178682,-0.1476499523120013,33.8,6.419160631927125,13
537.0,Texas,2021,0.222814553178682,-0.16852272886867214,30.9,5.724695812341521,9
537.0,Texas,2022,0.222814553178682,-0.20256525421426166,22.6,4.015569504513757,14
538.0,Texas,2019,0.2228135716861104,-0.25580205850920884,33.8,5.604628166813479,12
538.0,Texas,2021,0.2228135716861104,-0.18131641285622052,30.9,5.636586856688147,10
538.0,Texas,2022,0.2228135716861104,-0.19694488601708213,22.6,4.043853667485668,14
539.0,Texas,2019,0.2228136210149013,-0.21136496541082386,33.8,5.939289616801687,12
539.0,Texas,2021,0.2228136210149013,-0.132238272489332,30.9,5.974488199960258,10
539.0,Texas,2022,0.2228136210149013,-0.15718585597083165,22.6,4.244064650785926,14
540.0,Texas,2019,29.18858888627814,-0.2146087136706129,33.8,774.846861957837,13
540.0,Texas,2021,29.18858888627814,-0.166942434287213,30.9,751.3574414496001,10
540.0,Texas,2022,29.18858888627814,-0.14170467500282355,22.6,566.1849040864698,14
541.0,Texas,2019,0.2228135252599253,-0.25805936551379366,33.8,5.587627000656857,12
541.0,Texas,2021,0.2228135252599253,-0.1786767217173565,30.9,5.654759791876807,9
541.0,Texas,2022,0.2228135252599253,-0.2887928146842308,22.6,3.5813447113989385,14
542.0,Texas,2019,0.2228127857704797,0.06953675868357279,33.8,8.054758506394105,14
542.0,Texas,2021,0.2228127857704797,-0.17841086742091317,30.9,5.656571408710778,10
542.0,Texas,2022,0.2228127857704797,0.2889052796704837,22.6,6.490371416643109,14
543.0,Texas,2019,0.2228137506782927,-0.20660055355195872,33.8,5.975174357981922,13
543.0,Texas,2021,0.2228137506782927,-0.10505411906833295,30.9,6.161653075080231,9
543.0,Texas,2022,0.2228137506782927,-0.15978287522651502,22.6,4.230989594380994,14
544.0,Texas,2019,0.4456270813025519,-0.10100034012091115,33.8,13.540908494907995,12
544.0,Texas,2021,0.4456270813025519,-0.07332275933966954,30.9,12.760231448607433,9
544.0,Texas,2022,0.4456270813025519,-0.18484264813095433,22.6,8.209589928255275,14
545.0,Texas,2019,0.4456270873231067,-0.1854081753220624,33.8,12.269541357969409,12
545.0,Texas,2021,0.4456270873231067,-0.23027417011153206,30.9,10.599029999966275,9
545.0,Texas,2022,0.4456270873231067,-0.2031485502921166,22.6,8.025228146712932,14
546.0,Texas,2019,0.668443449014171,-0.11486299367307021,33.8,19.998244327542682,14
546.0,Texas,2021,0.668443449014171,-0.08013590845452445,30.9,18.999703192687594,9
546.0,Texas,2022,0.668443449014171,-0.08726685256109792,22.6,13.788497144141802,14
547.0,Texas,2019,0.2228135554480796,-0.2574920063218091,33.8,5.591900595477957,12
547.0,Texas,2021,0.2228135554480796,-0.2856964471650829,30.9,4.917936291139,10
547.0,Texas,2022,0.2228135554480796,-0.30013214702283203,22.6,3.5242450094438404,14
548.0,Texas,2019,0.6684407467002561,-0.2197522869640839,33.8,17.628368500255846,12
548.0,Texas,2021,0.6684407467002561,-0.15150969554968574,30.9,17.525413723648096,9
548.0,Texas,2022,0.6684407467002561,-0.31005100438630406,22.6,10.422894492976301,14
549.0,Texas,2019,0.222815887516946,-0.32340598653955055,33.8,5.095549271207077,13
549.0,Texas,2021,0.222815887516946,-0.3545692908609352,30.9,4.443797483284137,10
549.0,Texas,2022,0.222815887516946,-0.34065818387295754,22.6,3.320207401784833,14
550.0,Texas,2019,0.2227984133582688,0.2580911406394184,33.8,9.474163997816026,12
550.0,Texas,2021,0.2227984133582688,0.007331786231573796,30.9,6.934946442260334,10
550.0,Texas,2022,0.2227984133582688,-0.2696234782868796,22.6,3.677624102335005,14
551.0,Texas,2019,0.6683953545298892,0.3127669041738001,33.8,29.657718751165906,12
551.0,Texas,2021,0.6683953545298892,-0.06290676137366832,30.9,19.354176914489557,10
551.0,Texas,2022,0.6683953545298892,-0.2359636088254701,22.6,11.541331264894119,14
552.0,Texas,2019,0.2227986798305824,0.2746435999645135,33.8,9.598825202838896,12
552.0,Texas,2021,0.2227986798305824,-0.33443218879506714,30.9,4.5820877569324505,10
552.0,Texas,2022,0.2227986798305824,-0.35700163804137436,22.6,3.2376576076139587,14
553.0,Texas,2019,0.6684440195785372,-0.04949785124165094,33.8,21.47508272037148,13
553.0,Texas,2021,0.6684440195785372,0.13767794736695846,30.9,23.49864722182632,9
553.0,Texas,2022,0.6684440195785372,-0.1635711337365616,22.6,12.635792740120323,14
554.0,Texas,2019,0.2228146265695975,0.024180242696833634,33.8,7.713239035096168,13
554.0,Texas,2021,0.2228146265695975,0.11264146029216597,30.9,7.660505256758283,9
554.0,Texas,2022,0.2228146265695975,-0.11612990404512628,22.6,4.450825589276561,14
555.0,Texas,2019,0.2228147131242355,-0.07461829969422741,33.8,6.9691766432408215,13
555.0,Texas,2021,0.2228147131242355,0.2639384856544146,30.9,8.702184414612063,9
555.0,Texas,2022,0.2228147131242355,-0.08718675932380048,22.6,4.596573780074328,14
556.0,Texas,2019,0.2228170346056521,-0.3049777177677517,33.8,5.234362772220265,10
556.0,Texas,2021,0.2228170346056521,-0.3348955099621654,30.9,4.579275254349866,11
556.0,Texas,2022,0.2228170346056521,-0.4448404095808876,22.6,2.7955977089436956,14
557.0,Texas,2019,0.2228146595878338,0.0699193031803053,33.8,8.057707239970537,13
557.0,Texas,2021,0.2228146595878338,0.21506078511582027,30.9,8.365660676115922,9
557.0,Texas,2022,0.2228146595878338,-0.20131943189684795,22.6,4.021844899169867,14
558.0,Texas,2019,1.7823874709036354,0.17011213417506654,33.8,70.49305041370118,12
558.0,Texas,2021,1.7823874709036354,-0.125198566211222,30.9,48.180365057011905,10
558.0,Texas,2022,1.7823874709036354,-0.2307404224714909,22.6,30.98728110262331,14
559.0,Texas,2019,0.2228146070153003,-0.061143105080401175,33.8,7.070656816876903,13
559.0,Texas,2021,0.2228146070153003,0.08523413559300494,30.9,7.471805938949904,9
559.0,Texas,2022,0.2228146070153003,-0.17105065598839922,22.6,4.174265704466709,14
560.0,Texas,2019,0.2228147583943393,-0.129967017642718,33.8,6.552339180055696,13
560.0,Texas,2021,0.2228147583943393,-0.006907748139931387,30.9,6.837416353990089,10
560.0,Texas,2022,0.2228147583943393,-0.09738393224055866,22.6,4.545225691971109,14
561.0,Texas,2019,0.6684438106729436,-0.03708504618053441,33.8,21.755523488674523,13
561.0,Texas,2021,0.6684438106729436,0.09405214499061909,30.9,22.59755269255831,10
561.0,Texas,2022,0.6684438106729436,-0.14698512942909905,22.6,12.88635074057928,14
562.0,Texas,2019,2.0053172722884884,-0.15855703385047995,33.8,57.03277184188681,12
562.0,Texas,2021,2.0053172722884884,-0.07510954206589517,30.9,57.31019323734516,10
562.0,Texas,2022,2.0053172722884884,-0.15001918054007074,22.6,38.52127553531838,14
563.0,Texas,2019,38.1010506633757,-0.02588083322814623,33.8,1254.4857739164827,12
563.0,Texas,2021,38.1010506633757,-0.09524651666390803,30.9,1065.1866016694312,11
563.0,Texas,2022,38.1010506633757,0.01663321733257256,22.6,875.4063380642931,14
564.0,Texas,2019,4.455972285938788,0.09130162726289597,33.8,164.36297146589774,13
564.0,Texas,2021,4.455972285938788,-0.14455501060538897,30.9,117.78583019502645,9
564.0,Texas,2022,4.455972285938788,-0.06744313796232845,22.6,93.91311423002308,14
565.0,Texas,2019,0.2228128759163646,-0.1744340143287854,33.8,6.217399525583247,12
565.0,Texas,2021,0.2228128759163646,-0.06572909344502631,30.9,6.432378456052136,9
565.0,Texas,2022,0.2228128759163646,0.043980424443331514,22.6,5.257037545415688,14
566.0,Texas,2019,0.2228126930952939,-0.052956218922972996,33.8,7.132252086523174,13
566.0,Texas,2021,0.2228126930952939,-0.14252540327826746,30.9,5.903637326431842,10
566.0,Texas,2022,0.2228126930952939,0.09041247518317147,22.6,5.4908449280740514,13
567.0,Texas,2019,0.2227986034742074,0.1402269492564363,33.8,8.58658485150406,13
567.0,Texas,2021,0.2227986034742074,-0.29895982381539826,30.9,4.826294862007164,8
567.0,Texas,2022,0.2227986034742074,-0.11780176512162796,22.6,4.442087284633853,14
568.0,Texas,2019,0.2227985589875657,-0.07735850869008463,33.8,6.948035981738386,13
568.0,Texas,2021,0.2227985589875657,-0.24854721489045156,30.9,5.173358267990648,9
568.0,Texas,2022,0.2227985589875657,-0.09856181858307528,22.6,4.538964289095016,14
569.0,Texas,2019,8.689146442417726,0.224415944642455,33.8,359.602575390718,13
569.0,Texas,2021,8.689146442417726,-0.24373403377065606,30.9,203.05334705648423,9
569.0,Texas,2022,8.689146442417726,-0.00547808168596373,22.6,195.29895289840186,14
570.0,Texas,2019,2.673583041124952,0.07646125155518384,33.8,97.27668887460952,13
570.0,Texas,2021,2.673583041124952,-0.13219991231279277,30.9,71.69218996359244,9
570.0,Texas,2022,2.673583041124952,0.014372095480103805,22.6,61.2913815201713,14
571.0,Texas,2019,24.730589082775374,0.11785054644779716,33.8,934.4044651812856,13
571.0,Texas,2021,24.730589082775374,0.012646737346356903,30.9,773.8395257323706,11
571.0,Texas,2022,24.730589082775374,0.015469419023546453,22.6,567.5573465727089,14
572.0,Texas,2019,0.2228129820048137,-0.015948038815318928,33.8,7.410972854870446,12
572.0,Texas,2021,0.2228129820048137,-0.5240373142780836,30.9,3.2769655586574524,10
572.0,Texas,2022,0.2228129820048137,-0.034545184067893225,22.6,4.861618583549553,14
573.0,Texas,2019,0.2228147106595911,0.0737818004429668,33.8,8.086798083790525,12
573.0,Texas,2021,0.2228147106595911,0.031041908179394395,30.9,7.098697307471148,9
573.0,Texas,2022,0.2228147106595911,0.05227880659224392,22.6,5.298868270823998,13
574.0,Texas,2019,0.2228129337586544,-0.23746790058503942,33.8,5.742688078465813,12
574.0,Texas,2021,0.2228129337586544,-0.04238043240492216,30.9,6.593133781169098,10
574.0,Texas,2022,0.2228129337586544,-0.01264804486840042,22.6,4.971882158519859,14
575.0,Texas,2019,0.2228143123774341,-0.03563523678324641,33.8,7.262750379984278,12
575.0,Texas,2021,0.2228143123774341,-0.03337044159956443,30.9,6.655208021701702,9
575.0,Texas,2022,0.2228143123774341,-0.26982205172729684,22.6,3.6768866025405846,14
576.0,Texas,2019,17.15670685224029,0.06148036933603623,33.8,615.548954382387,13
576.0,Texas,2021,17.15670685224029,-0.048817870696133,30.9,504.2618263266855,10
576.0,Texas,2022,17.15670685224029,-0.19156440218179305,22.6,313.46409187142694,14
577.0,Texas,2019,1.336886568876222,0.14448298002131751,33.8,51.71548464127012,13
577.0,Texas,2021,1.336886568876222,0.04363725576684436,30.9,43.11244106741815,9
577.0,Texas,2022,1.336886568876222,-0.21288398292847116,22.6,23.78163718896819,14
578.0,Texas,2019,0.8912514744341659,0.011312808777780159,33.8,30.465090279482567,11
578.0,Texas,2021,0.8912514744341659,-0.30238633944282883,30.9,19.21205038991113,9
578.0,Texas,2022,0.8912514744341659,-0.16805500201539028,22.6,16.757271857903227,14
579.0,Texas,2019,0.2228141550330335,-0.0748059687488603,33.8,6.96774582944121,12
579.0,Texas,2021,0.2228141550330335,-0.10217278668570651,30.9,6.181502107718881,9
579.0,Texas,2022,0.2228141550330335,0.1533018636767088,22.6,5.807566753721161,14
580.0,Texas,2019,12.923224565799714,-0.09911755050404875,33.8,393.50994963516774,12
580.0,Texas,2021,12.923224565799714,-0.0786907963974481,30.9,367.9042291402405,9
580.0,Texas,2022,12.923224565799714,-0.13309709202773515,22.6,253.19188961623064,14
581.0,Texas,2019,3.787818512825977,0.11427243149168283,33.8,142.65836695855037,12
581.0,Texas,2021,3.787818512825977,-0.35076492326046205,30.9,75.98880546406548,9
581.0,Texas,2022,3.787818512825977,-0.17314567102513703,22.6,70.78261544424907,14
582.0,Texas,2019,4.010629312877684,0.10130337385090182,33.8,149.29188226156813,13
582.0,Texas,2021,4.010629312877684,-0.2603877243541957,30.9,91.65899979165928,8
582.0,Texas,2022,4.010629312877684,-0.23531152585675394,22.6,69.31153341738063,14
583.0,Texas,2019,0.2228132272542849,,33.8,,11
583.0,Texas,2021,0.2228132272542849,,30.9,,9
583.0,Texas,2022,0.2228132272542849,,22.6,,14
584.0,Texas,2019,0.2228126884194266,0.3399964062234212,33.8,10.091605218913758,12
584.0,Texas,2021,0.2228126884194266,-0.18477337454156104,30.9,5.612763635165295,8
584.0,Texas,2022,0.2228126884194266,-0.346175710392952,22.6,3.29237585850066,14
585.0,Texas,2019,1.1140639284912837,0.15553166134614577,33.8,43.511961604174715,12
585.0,Texas,2021,1.1140639284912837,-0.32177104180039157,30.9,23.347743903481753,8
585.0,Texas,2022,1.1140639284912837,-0.22716247711348914,22.6,19.45838319441266,14
586.0,Texas,2019,0.4456287615764959,0.0019565102602085707,33.8,15.091721592141834,12
586.0,Texas,2021,0.4456287615764959,-0.1495898244258463,30.9,11.710087511230661,9
586.0,Texas,2022,0.4456287615764959,-0.1515841591054914,22.6,8.544574110841248,14
587.0,Texas,2019,8.68969810748623,0.14592979858947908,33.8,336.57309927148947,13
587.0,Texas,2021,8.68969810748623,-0.07316168265094541,30.9,248.86690582140648,8
587.0,Texas,2022,8.68969810748623,-0.09344504086907225,22.6,178.03576942684552,14
588.0,Texas,2019,36.09611566235792,0.02683776841250483,33.8,1252.7920941022198,12
588.0,Texas,2021,36.09611566235792,0.13292568232982896,30.9,1263.631288806608,10
588.0,Texas,2022,36.09611566235792,-0.14320668463274788,22.6,698.9481797912305,14
589.0,Texas,2019,0.8912568032821311,-0.021251112125515958,33.8,29.48430124977583,13
589.0,Texas,2021,0.8912568032821311,-0.11026407484241445,30.9,24.50318076941567,9
589.0,Texas,2022,0.8912568032821311,-0.05293742799544563,22.6,19.07611670578427,14
590.0,Texas,2019,0.2228147851903062,0.05651962596484551,33.8,7.956796940594049,12
590.0,Texas,2021,0.2228147851903062,0.250689586783179,30.9,8.610968867022367,9
590.0,Texas,2022,0.2228147851903062,0.07585502213331471,22.6,5.417590767747555,14
591.0,Texas,2019,0.222815566644762,-0.05501009251985307,33.8,7.1168760057564295,11
591.0,Texas,2021,0.222815566644762,0.12488309629942343,30.9,7.744821253392074,8
591.0,Texas,2022,0.222815566644762,-0.14214900131582361,22.6,4.319821773930128,14
592.0,Texas,2019,1.5597005045030523,-0.0355571868110792,33.8,50.84337764957447,13
592.0,Texas,2021,1.5597005045030523,-0.11189760958934511,30.9,42.80186876295243,9
592.0,Texas,2022,1.5597005045030523,0.005425737578631286,22.6,35.440484481203434,14
593.0,Texas,2019,0.2228143713712711,-0.10753000468944092,33.8,6.7213037648821095,13
593.0,Texas,2021,0.2228143713712711,-0.1497883089758028,30.9,5.853676949163112,9
593.0,Texas,2022,0.2228143713712711,-0.05245444892908486,22.6,4.77146491854974,14
594.0,Texas,2019,12.700049764107533,0.10201992421837508,33.8,473.05492629706447,12
594.0,Texas,2021,12.700049764107533,0.04322266537068365,30.9,409.3934747463048,10
594.0,Texas,2022,12.700049764107533,0.07415799425200147,22.6,308.3060355822244,14
595.0,Texas,2019,0.2228072974266854,0.19936707609223328,33.8,9.032297505416981,10
595.0,Texas,2021,0.2228072974266854,0.21838519918656588,30.9,8.388272005772865,9
595.0,Texas,2022,0.2228072974266854,0.16804891612897857,22.6,5.881645983185991,14
596.0,Texas,2019,0.2228073406809656,0.21146830504530606,33.8,9.123432260185046,10
596.0,Texas,2021,0.2228073406809656,0.28064416733332304,30.9,8.81691086761773,9
596.0,Texas,2022,0.2228073406809656,0.12541995777644385,22.6,5.666991311476862,14
597.0,Texas,2019,0.2228075139359286,0.19454272159944916,33.8,8.995974580236298,11
597.0,Texas,2021,0.2228075139359286,0.10175229514513713,30.9,7.585291516503785,9
597.0,Texas,2022,0.2228075139359286,0.10742050363052419,22.6,5.5763603700803595,14
598.0,Texas,2019,0.891233729808964,0.13988859107872378,33.8,34.33766202806962,11
598.0,Texas,2021,0.891233729808964,0.2257294302549103,30.9,33.75551262655743,9
598.0,Texas,2022,0.891233729808964,0.29211930815693826,22.6,26.02571501429163,14
599.0,Texas,2019,0.2228083722894393,0.1638197109887504,33.8,8.764636609999398,11
599.0,Texas,2021,0.2228083722894393,0.20794741554928634,30.9,8.316450641815939,9
599.0,Texas,2022,0.2228083722894393,0.20989064353746711,22.6,6.092367087526599,14
600.0,Texas,2019,0.2228075117609466,0.21620742828818507,33.8,9.15912909981398,11
600.0,Texas,2021,0.2228075117609466,-0.0183053108415682,30.9,6.758724585910076,10
600.0,Texas,2022,0.2228075117609466,0.06175292448718884,22.6,5.346403514943712,14
601.0,Texas,2019,0.2228085092791291,0.4296411102064159,33.8,10.766523714440671,11
601.0,Texas,2021,0.2228085092791291,0.09978367283533665,30.9,7.571771864825574,9
601.0,Texas,2022,0.2228085092791291,0.21080752467817399,22.6,6.096987762903416,14
602.0,Texas,2019,0.22280846893054,0.2657601475610162,33.8,9.532346321284114,11
602.0,Texas,2021,0.22280846893054,-0.016943958501806546,30.9,6.768126234705113,10
602.0,Texas,2022,0.22280846893054,0.1341816694475068,22.6,5.711139356446232,14
603.0,Texas,2019,1.3368455031503106,0.28850360350830256,33.8,58.22152238723491,11
603.0,Texas,2021,1.3368455031503106,0.014192933090765443,30.9,41.8948151936127,10
603.0,Texas,2022,1.3368455031503106,0.16638001235487054,22.6,35.239499163270885,14
604.0,Texas,2019,0.2228075629108817,0.2536704200530535,33.8,9.441261083309298,11
604.0,Texas,2021,0.2228075629108817,0.01640960144143359,30.9,6.997729758086339,10
604.0,Texas,2022,0.2228075629108817,0.18220245308233457,22.6,5.952922432111025,14
605.0,Texas,2019,0.2228076187107082,0.30086391841476534,33.8,9.796672847189209,11
605.0,Texas,2021,0.2228076187107082,-0.025861429417025638,30.9,6.706705801860631,10
605.0,Texas,2022,0.2228076187107082,0.21574422908896249,22.6,6.121821932167903,14
606.0,Texas,2019,0.6684227880905508,0.3029731588791555,33.8,29.437668966282317,11
606.0,Texas,2021,0.6684227880905508,0.045745313438320064,30.9,21.599099939469024,10
606.0,Texas,2022,0.6684227880905508,0.2507981147891372,22.6,18.895000368902174,14
607.0,Texas,2019,0.2228075791017779,0.2807634312719559,33.8,9.645296423904126,11
607.0,Texas,2021,0.2228075791017779,0.05343512260748473,30.9,7.252641878736809,10
607.0,Texas,2022,0.2228075791017779,0.035268356739596975,22.6,5.213043380059655,14
608.0,Texas,2019,3.564934210442978,0.1670185862438333,33.8,140.61964350253228,11
608.0,Texas,2021,3.564934210442978,-0.10710221808203967,30.9,98.3584651399089,9
608.0,Texas,2022,3.564934210442978,0.13495313636846112,22.6,91.4403517458223,14
609.0,Texas,2019,0.4456165615196032,0.22279692815093707,33.8,18.41757141450616,11
609.0,Texas,2021,0.4456165615196032,-0.05306556229698731,30.9,13.038862744713805,9
609.0,Texas,2022,0.4456165615196032,0.10895963717457395,22.6,11.168259636627786,14
610.0,Texas,2019,8.021091478391766,0.3752786499264945,33.8,372.8557720456763,11
610.0,Texas,2021,8.021091478391766,0.06396237781864236,30.9,263.7049124673621,9
610.0,Texas,2022,8.021091478391766,0.17533441874289304,22.6,213.060706523925,14
611.0,Texas,2019,7.352671459427222,0.2458457697652684,33.8,309.61795863600145,11
611.0,Texas,2021,7.352671459427222,0.036640148336847915,30.9,235.52209996031777,9
611.0,Texas,2022,7.352671459427222,0.2078987479088823,22.6,200.71698788158184,14
612.0,Texas,2019,0.2228082750727278,0.3744173826300392,33.8,10.350626939377504,11
612.0,Texas,2021,0.2228082750727278,-0.012106841194736791,30.9,6.801422813689065,9
612.0,Texas,2022,0.2228082750727278,0.19891250377174322,22.6,6.037084368584267,14
613.0,Texas,2019,0.2228083207620977,0.3302428085181797,33.8,10.017953823366577,11
613.0,Texas,2021,0.2228083207620977,-0.02330568716263273,30.9,6.724322650002608,9
613.0,Texas,2022,0.2228083207620977,0.12060691489068859,22.6,5.642780315670877,14
614.0,Texas,2019,2.4508913652357425,0.42062824047550573,33.8,117.68502548735144,11
614.0,Texas,2021,2.4508913652357425,-0.015596995736349525,30.9,74.55134303261285,10
614.0,Texas,2022,2.4508913652357425,0.1047630592358915,22.6,61.19298588078634,14
615.0,Texas,2019,0.6684247019772084,0.3104974641354096,33.8,29.607748039443024,11
615.0,Texas,2021,0.6684247019772084,0.05945559184098872,30.9,21.882338306442954,10
615.0,Texas,2022,0.6684247019772084,0.15474766437665793,22.6,17.444078113288498,14
616.0,Texas,2019,0.2228124599709109,-0.07793022028033134,33.8,6.944163892885125,10
616.0,Texas,2021,0.2228124599709109,-0.3631265700253847,30.9,4.384813070743151,10
616.0,Texas,2022,0.2228124599709109,0.05413260213440426,22.6,5.308149647706552,13
617.0,Texas,2019,0.2228114782762325,0.10311110405574889,33.8,8.307560573958485,10
617.0,Texas,2021,0.2228114782762325,-0.07297129935298073,30.9,6.382476427545812,9
617.0,Texas,2022,0.2228114782762325,-0.18175372918785387,22.6,4.120311342976914,14
618.0,Texas,2019,0.2228113500944255,-0.2477374943151408,33.8,5.6653067086765905,11
618.0,Texas,2021,0.2228113500944255,0.16611694848474443,30.9,8.028564432290215,8
618.0,Texas,2022,0.2228113500944255,-0.22527304883524266,22.6,3.9011658495244026,14
619.0,Texas,2019,0.2228113700429165,-0.20764902781407651,33.8,5.967214431564286,11
619.0,Texas,2021,0.2228113700429165,0.15848355314116805,30.9,7.9760102063098985,8
619.0,Texas,2022,0.2228113700429165,-0.18362436251761452,22.6,4.110889698210678,14
620.0,Texas,2019,0.2228113253904168,-0.05609849933659296,33.8,7.108543720747617,12
620.0,Texas,2021,0.2228113253904168,0.26623979467012815,30.9,8.7178963175975,8
620.0,Texas,2022,0.2228113253904168,-0.10356700939131748,22.6,4.514020554403473,14
621.0,Texas,2019,0.2228112314318897,-0.10069214318830152,33.8,6.772705116225476,12
621.0,Texas,2021,0.2228112314318897,0.28744724172093583,30.9,8.863903094741232,8
621.0,Texas,2022,0.2228112314318897,-0.06764600665556987,22.6,4.69490007535778,14
622.0,Texas,2019,0.4456226762300665,0.031318281844902776,33.8,15.53376387266432,12
622.0,Texas,2021,0.4456226762300665,0.2619608597325052,30.9,17.376873806398272,8
622.0,Texas,2022,0.4456226762300665,-0.08907687717900234,22.6,9.173972796188343,14
623.0,Texas,2019,0.2228113777503269,0.09622771639797303,33.8,8.255717864272972,12
623.0,Texas,2021,0.2228113777503269,0.3152571557787844,30.9,9.05537660232896,8
623.0,Texas,2022,0.2228113777503269,-0.11062760782324332,22.6,4.478467709568563,14
624.0,Texas,2019,0.8912449182996154,-0.0747408211834038,33.8,27.872579893586387,12
624.0,Texas,2021,0.8912449182996154,0.2974039318608701,30.9,35.72981403271587,8
624.0,Texas,2022,0.8912449182996154,-0.08192054058370052,22.6,18.492080553280793,14
625.0,Texas,2019,0.2228098142837275,-0.17748814556574585,33.8,6.194313517403923,11
625.0,Texas,2021,0.2228098142837275,-0.020808283800255775,30.9,6.741561905030048,9
625.0,Texas,2022,0.2228098142837275,0.140579372269959,22.6,5.743389485315834,14
626.0,Texas,2019,0.2228105326710448,-0.11686174742664454,33.8,6.650910651357922,11
626.0,Texas,2021,0.2228105326710448,-0.17883671202961318,30.9,5.6535823347199825,9
626.0,Texas,2022,0.2228105326710448,-0.1777487321953532,22.6,4.140461091099293,14
627.0,Texas,2019,0.222810484154882,-0.12528958158487544,33.8,6.5874392315968935,12
627.0,Texas,2021,0.222810484154882,-0.06157443555065162,30.9,6.460913579670782,9
627.0,Texas,2022,0.222810484154882,-0.13849861975768157,22.6,4.3381047956807155,14
628.0,Texas,2019,0.6684312810755934,-0.11821518091009509,33.8,19.92214440149591,12
628.0,Texas,2021,0.6684312810755934,-0.1325441774054143,30.9,17.916889349297488,9
628.0,Texas,2022,0.6684312810755934,-0.12998497987056212,22.6,13.1429227507989,14
629.0,Texas,2019,0.2228104854883404,-0.14543153490088334,33.8,6.435750333201489,12
629.0,Texas,2021,0.2228104854883404,-0.151714207834428,30.9,5.84031534782492,9
629.0,Texas,2022,0.2228104854883404,-0.1358742463225233,22.6,4.35131989861676,14
630.0,Texas,2019,1.3368629787810988,-0.1334150575102075,33.8,39.157480072330785,12
630.0,Texas,2021,1.3368629787810988,-0.09111164401209669,30.9,37.54532912443222,9
630.0,Texas,2022,1.3368629787810988,-0.07056099786714634,22.6,28.081236601498492,13
631.0,Texas,2019,0.2228085576958034,-0.07855890852270522,33.8,6.9393076680671575,12
631.0,Texas,2021,0.2228085576958034,-0.11351795562996325,30.9,6.103237779035836,9
631.0,Texas,2022,0.2228085576958034,-0.05552312252267714,22.6,4.755888197159338,14
632.0,Texas,2019,0.2228080730253633,0.3970281813448568,33.8,10.520897508208044,12
632.0,Texas,2021,0.2228080730253633,0.27056995444998017,30.9,8.74758121472314,9
632.0,Texas,2022,0.2228080730253633,0.08065718740087592,22.6,5.441608688883036,14
633.0,Texas,2019,0.6684239799413375,0.3577905687513829,33.8,30.67619642513647,12
633.0,Texas,2021,0.6684239799413375,0.33904117077415724,30.9,27.656959366031863,9
633.0,Texas,2022,0.6684239799413375,-0.016545134701549336,22.6,14.856444822513453,14
634.0,Texas,2019,0.2228080402806827,0.346759874247245,33.8,10.142329776867433,12
634.0,Texas,2021,0.2228080402806827,0.37046037066339566,30.9,9.43530231461834,9
634.0,Texas,2022,0.2228080402806827,-0.021088135885294904,22.6,4.929273209550509,14
635.0,Texas,2019,0.2228154007218754,0.061998247202153994,33.8,7.99807929755017,12
635.0,Texas,2021,0.2228154007218754,0.04939150178013501,30.9,7.225056168683086,9
635.0,Texas,2022,0.2228154007218754,-0.12318523848619807,22.6,4.415313013269507,14
636.0,Texas,2019,0.2228154156150542,0.12917135577457392,33.8,8.503971330888374,12
636.0,Texas,2021,0.2228154156150542,0.1030907747638229,30.9,7.594775949700121,9
636.0,Texas,2022,0.2228154156150542,-0.1343887261194209,22.6,4.3588967079675776,14
637.0,Texas,2019,0.2228155176134707,0.14356443239411848,33.8,8.612371851374862,12
637.0,Texas,2021,0.2228155176134707,0.14460480159564734,30.9,7.8806034801093015,9
637.0,Texas,2022,0.2228155176134707,-0.05514773990400179,22.6,4.757927046074974,14
638.0,Texas,2019,0.8912617613213651,-0.07730762645521899,33.8,27.795782534111957,12
638.0,Texas,2021,0.8912617613213651,0.02292985644048236,30.9,28.17147640578408,9
638.0,Texas,2022,0.8912617613213651,-0.06933341159313605,22.6,18.745966466973716,14
639.0,Texas,2019,0.2228155046777208,-0.10305620457431999,33.8,6.755030874251926,14
639.0,Texas,2021,0.2228155046777208,0.15771126974013158,30.9,7.9708410439013795,8
639.0,Texas,2022,0.2228155046777208,-0.16737375286424153,22.6,4.192798046674438,13
640.0,Texas,2019,1.3368932266497031,0.01891678056131831,33.8,46.04178345488262,13
640.0,Texas,2021,1.3368932266497031,0.1498639102385638,30.9,47.50087894085652,8
640.0,Texas,2022,1.3368932266497031,-0.1414883785446132,22.6,25.93888720095699,14
641.0,Texas,2019,0.2228154211559113,-0.19643630630429412,33.8,6.051767739870604,12
641.0,Texas,2021,0.2228154211559113,0.009721851424499712,30.9,6.95193142688222,9
641.0,Texas,2022,0.2228154211559113,-0.04610098121175702,22.6,4.803481102420192,13
642.0,Texas,2019,0.6684310140302375,0.26015442134654265,33.8,28.47062886210305,10
642.0,Texas,2021,0.6684310140302375,0.19717025852371817,30.9,24.72697505304018,7
642.0,Texas,2022,0.6684310140302375,-0.015615753108703046,22.6,14.870640903795675,13
643.0,Texas,2019,0.2228103207854072,0.31512611708519256,33.8,9.904200114310433,10
643.0,Texas,2021,0.2228103207854072,0.24877517072324906,30.9,8.59761588807089,7
643.0,Texas,2022,0.2228103207854072,0.03013837555087135,22.6,5.187275439162563,13
644.0,Texas,2019,1.3368609867227534,0.33064066454638436,33.8,60.12619780212681,11
644.0,Texas,2021,1.3368609867227534,0.24105791949873928,30.9,51.26686716859221,7
644.0,Texas,2022,1.3368609867227534,-0.05002114649915893,22.6,28.70176648452559,14
645.0,Texas,2019,0.2228102384456295,0.23507708588053433,33.8,9.301348316127596,10
645.0,Texas,2021,0.2228102384456295,0.2519044788812851,30.9,8.61915748542634,7
645.0,Texas,2022,0.2228102384456295,-0.12039923187517831,22.6,4.429239685552419,13
646.0,Texas,2019,1.1140511646050315,0.24942444073582956,33.8,47.04698906112564,10
646.0,Texas,2021,1.1140511646050315,0.2474228303650607,30.9,42.94150927892381,7
646.0,Texas,2022,1.1140511646050315,-0.12132707567719221,22.6,22.12283703906136,13
647.0,Texas,2019,0.4456202985099157,0.25870306089074996,33.8,18.95854282005644,10
647.0,Texas,2021,0.4456202985099157,0.1407174087622609,30.9,15.707299115230173,7
647.0,Texas,2022,0.4456202985099157,0.00642779725716971,22.6,10.135753212998623,14
648.0,Texas,2019,0.4456203567000928,0.36708334708114077,33.8,20.59096570425885,10
648.0,Texas,2021,0.4456203567000928,0.21498147355965147,30.9,16.729892758818174,7
648.0,Texas,2022,0.4456203567000928,-0.03699487949737211,22.6,9.69844388783417,14
649.0,Texas,2019,0.2228101386247009,0.20795706247136655,33.8,9.097103722317287,10
649.0,Texas,2021,0.2228101386247009,0.131293822377534,30.9,7.788769361726468,7
649.0,Texas,2022,0.2228101386247009,0.08788097493001072,22.6,5.478034584788068,14
650.0,Texas,2019,0.4456206100788611,0.20384487576656435,33.8,18.13228337370396,10
650.0,Texas,2021,0.4456206100788611,0.09299350062196825,30.9,15.050167304285198,7
650.0,Texas,2022,0.4456206100788611,-0.06874342969359157,22.6,9.378708934597503,13
651.0,Texas,2019,0.4456206713160439,0.18731030932056977,33.8,17.883242577976347,10
651.0,Texas,2021,0.4456206713160439,0.20503736259449218,30.9,16.59297735704042,7
651.0,Texas,2022,0.4456206713160439,-0.11861897041571891,22.6,8.876412297601757,13
652.0,Texas,2019,0.2228103668993634,0.1729499851771832,33.8,8.833475079455269,10
652.0,Texas,2021,0.2228103668993634,0.20542903547426528,30.9,8.299186447053653,7
652.0,Texas,2022,0.2228103668993634,-0.11849232734736087,22.6,4.43884448408445,13
653.0,Texas,2019,1.5596720983032168,0.24991544935455023,33.8,65.89168890395898,10
653.0,Texas,2021,1.5596720983032168,0.25811543013267907,30.9,60.633448764221114,7
653.0,Texas,2022,1.5596720983032168,-0.10053224217955682,22.6,31.704969693427348,14
654.0,Texas,2019,0.6684308081423491,0.19345698241178902,33.8,26.96372743499848,10
654.0,Texas,2021,0.6684308081423491,0.23090540207833726,30.9,25.42375036313239,7
654.0,Texas,2022,0.6684308081423491,-0.17799042346703198,22.6,12.417717477264613,13
655.0,Texas,2019,0.2228102458957559,0.24992215703148862,33.8,9.413146654765399,9
655.0,Texas,2021,0.2228102458957559,0.4560352605934124,30.9,10.024564850372416,7
655.0,Texas,2022,0.2228102458957559,0.023400375017443256,22.6,5.153344416088264,13
656.0,Texas,2019,0.4456176447101825,0.12922023234114377,33.8,17.008175557969157,12
656.0,Texas,2021,0.4456176447101825,-0.058493665685962856,30.9,12.964151706961232,9
656.0,Texas,2022,0.4456176447101825,-0.15092107779964473,22.6,8.551038818338009,12
657.0,Texas,2019,0.2228106322007924,0.16511263736701837,33.8,8.774462536110473,11
657.0,Texas,2021,0.2228106322007924,0.028680221474006538,30.9,7.082307515803402,8
657.0,Texas,2022,0.2228106322007924,-0.1394046983798643,22.6,4.333545100840118,13
658.0,Texas,2019,0.2228087934910541,0.11689442051453992,33.8,8.411261762260631,12
658.0,Texas,2021,0.2228087934910541,-0.02248192255012868,30.9,6.730008364676088,9
658.0,Texas,2022,0.2228087934910541,-0.18846630575777296,22.6,4.086460658386739,12
659.0,Texas,2019,1.33686422610924,-0.09985825148295299,33.8,40.67381480827127,12
659.0,Texas,2021,1.33686422610924,0.23241224135007682,30.9,50.90984617195276,8
659.0,Texas,2022,1.33686422610924,-0.12854355308609242,22.6,26.3294282359072,14
660.0,Texas,2019,0.2228106666934584,0.037471940572706294,33.8,7.813201738710911,11
660.0,Texas,2021,0.2228106666934584,0.07934856681713069,30.9,7.431152549405049,8
660.0,Texas,2022,0.2228106666934584,-0.038070724642661355,22.6,4.843815131287721,13
661.0,Texas,2019,0.2228106923242851,0.03996877391000917,33.8,7.832006292855815,11
661.0,Texas,2021,0.2228106923242851,0.14398881167909602,30.9,7.876191819470977,8
661.0,Texas,2022,0.2228106923242851,-0.13318230649496346,22.6,4.364879259238816,13
662.0,Texas,2019,0.4456212536907992,0.18026047072149734,33.8,17.7770812917877,10
662.0,Texas,2021,0.4456212536907992,-0.02875930362737696,30.9,13.373689849670576,9
662.0,Texas,2022,0.4456212536907992,-0.0156140331406245,22.6,9.9137907758856,13
663.0,Texas,2019,0.4456176156072107,0.13155883526235762,33.8,17.04339819300429,12
663.0,Texas,2021,0.4456176156072107,0.053796823388847774,30.9,14.510344218185429,9
663.0,Texas,2022,0.4456176156072107,-0.08046640285846403,22.6,9.26058434005388,12
664.0,Texas,2019,0.6684313749607633,0.3744716542189105,33.8,31.053411245385966,9
664.0,Texas,2021,0.6684313749607633,-0.3028601427626931,30.9,14.399095737374273,9
664.0,Texas,2022,0.6684313749607633,-0.16208758385414404,22.6,12.65796503431618,13
665.0,Texas,2019,0.2228088805721364,0.47694784391155154,33.8,11.122805836869277,12
665.0,Texas,2021,0.2228088805721364,0.2797646593717337,30.9,8.810916572547281,8
665.0,Texas,2022,0.2228088805721364,2.0611814085651294e-05,22.6,5.035584491322323,13
666.0,Texas,2019,0.2228088125116064,0.15055398214762544,33.8,8.664750547457057,12
666.0,Texas,2021,0.2228088125116064,0.16734181399187176,30.9,8.036905940153808,9
666.0,Texas,2022,0.2228088125116064,-0.07068429606991984,22.6,4.6795498627677015,12
667.0,Texas,2019,0.2228089012097836,0.33816425274471257,33.8,10.077635849578407,12
667.0,Texas,2021,0.2228089012097836,0.12385334241840201,30.9,7.737499925866274,8
667.0,Texas,2022,0.2228089012097836,-0.1502859473566718,22.6,4.278719109710572,14
668.0,Texas,2019,3.342157596962387,0.23902001329834083,33.8,139.96580507789187,10
668.0,Texas,2021,3.342157596962387,-0.24083130411106515,30.9,78.40137801214405,9
668.0,Texas,2022,3.342157596962387,-0.27239073007097403,22.6,54.958337589966234,14
669.0,Texas,2019,1.782470559315402,0.1998241776080444,33.8,72.28641302541098,12
669.0,Texas,2021,1.782470559315402,0.20626168678705706,30.9,66.43889165501723,8
669.0,Texas,2022,1.782470559315402,-0.1965836555003974,22.6,32.364691169319535,14
670.0,Texas,2019,0.2228094567841665,0.13356485380808555,33.8,8.53683116256317,11
670.0,Texas,2021,0.2228094567841665,0.10599374911710968,30.9,7.614559273226728,8
670.0,Texas,2022,0.2228094567841665,-0.3351316935970024,22.6,3.3479401837281313,12
671.0,Texas,2019,1.336853958013953,0.2489604530755086,33.8,56.435107108275,12
671.0,Texas,2021,1.336853958013953,-0.007662589531473174,30.9,40.992255021488155,8
671.0,Texas,2022,1.336853958013953,-0.22982686129677898,22.6,23.26916359959032,14
672.0,Texas,2019,2.228107275408168,0.08644520185589659,33.8,81.82021630025474,9
672.0,Texas,2021,2.228107275408168,0.08194232079069201,30.9,74.49012189664533,10
672.0,Texas,2022,2.228107275408168,0.043836294591666186,22.6,52.562610876314366,14
673.0,Texas,2019,0.4456215265020868,0.15273286584456708,33.8,17.362471181245205,8
673.0,Texas,2021,0.4456215265020868,0.051932217806911464,30.9,14.484796496883504,10
673.0,Texas,2022,0.4456215265020868,0.10274080734792923,22.6,11.105753947087528,14
674.0,Texas,2019,0.2228149784729809,-0.18961041069539003,33.8,6.103162534672446,9
674.0,Texas,2021,0.2228149784729809,-0.2324601363175994,30.9,5.284498786489657,9
674.0,Texas,2022,0.2228149784729809,-0.5284503781035169,22.6,2.374544006050842,14
675.0,Texas,2019,0.2228128036354676,0.0505533628174677,33.8,7.911793816665366,12
675.0,Texas,2021,0.2228128036354676,0.012808772135223736,30.9,6.973102947840779,9
675.0,Texas,2022,0.2228128036354676,0.21781681094880376,22.6,6.132401021939102,14
676.0,Texas,2019,0.4456189658586144,0.07959547699828926,33.8,16.26078183618979,11
676.0,Texas,2021,0.4456189658586144,0.13608609795966015,30.9,15.643480723863183,8
676.0,Texas,2022,0.4456189658586144,-0.2902777176841813,22.6,7.147605034528031,12
677.0,Texas,2019,0.2228095102860875,0.08693432015203935,33.8,8.185660461214146,11
677.0,Texas,2021,0.2228095102860875,0.09627324485487863,30.9,7.547637239118938,8
677.0,Texas,2022,0.2228095102860875,-0.276196331239242,22.6,3.644709706144791,12
678.0,Texas,2019,0.2228095346039468,0.1682168126061592,33.8,8.797796738465014,11
678.0,Texas,2021,0.2228095346039468,0.255113925542978,30.9,8.641226703417557,7
678.0,Texas,2022,0.2228095346039468,-0.12983411096213265,22.6,4.381716402883505,12
679.0,Texas,2019,0.222815121875852,0.004994131892947715,33.8,7.56876268139982,10
679.0,Texas,2021,0.222815121875852,-0.10983103598455102,30.9,6.128801981802578,9
679.0,Texas,2022,0.222815121875852,-0.4869660269879381,22.6,2.583445035242854,14
680.0,Texas,2019,0.2228094520107837,0.15390672544763498,33.8,8.690024790696834,10
680.0,Texas,2021,0.2228094520107837,0.102030965660845,30.9,7.587276090736255,8
680.0,Texas,2022,0.2228094520107837,-0.32008552968039844,22.6,3.423704974342147,12
681.0,Texas,2019,1.336864542105921,0.10631921505555013,33.8,49.99016386300784,10
681.0,Texas,2021,1.336864542105921,0.2066918534690861,30.9,49.84737176146265,10
681.0,Texas,2022,1.336864542105921,0.13929316871973746,22.6,34.4216224713431,14
682.0,Texas,2019,0.2228107700811731,0.15412171068297748,33.8,8.691695252814016,10
682.0,Texas,2021,0.2228107700811731,0.32266774334070975,30.9,9.106372710267872,9
682.0,Texas,2022,0.2228107700811731,0.20733502221936598,22.6,6.079563760654678,14
683.0,Texas,2019,0.8912598418302162,0.08794401593167285,33.8,32.77385943070748,9
683.0,Texas,2021,0.8912598418302162,-0.11853718272171479,30.9,24.27542350319583,9
683.0,Texas,2022,0.8912598418302162,-0.4833440330361191,22.6,10.40672856796917,14
684.0,Texas,2019,0.2228149726157025,0.14959264836427985,33.8,8.657750160900097,9
684.0,Texas,2021,0.2228149726157025,-0.1528465336219018,30.9,5.832636921141101,9
684.0,Texas,2022,0.2228149726157025,-0.47055299856465005,22.6,2.666093052254003,14
685.0,Texas,2019,0.2228151684521727,-0.010614676719342919,33.8,7.451211942515978,10
685.0,Texas,2021,0.2228151684521727,-0.24008623451519256,30.9,5.231997692267726,10
685.0,Texas,2022,0.2228151684521727,-0.4803076135878927,22.6,2.6169748336509917,14
686.0,Texas,2019,0.6684456316631443,-0.09353825755127894,33.8,20.480109249924805,11
686.0,Texas,2021,0.6684456316631443,-0.39801031560069594,30.9,12.434078882648379,10
686.0,Texas,2022,0.6684456316631443,-0.47249806498449615,22.6,7.96890382990231,14
687.0,Texas,2019,0.2228152207312136,-0.17123175986355493,33.8,6.241581628602525,12
687.0,Texas,2021,0.2228152207312136,-0.35926361893567893,30.9,4.4114637816806,10
687.0,Texas,2022,0.2228152207312136,-0.4550124989309844,22.6,2.744352133829662,14
688.0,Texas,2019,0.2228116079078659,-0.08917239680443302,33.8,6.859472142466671,9
688.0,Texas,2021,0.2228116079078659,-0.2121088462733924,30.9,5.424535009882657,7
688.0,Texas,2022,0.2228116079078659,-0.14266318721614676,22.6,4.317155819314443,14
689.0,Texas,2019,1.1140354437389743,-0.013692377386284404,33.8,37.138819770730194,10
689.0,Texas,2021,1.1140354437389743,0.07340430568636286,30.9,36.95054265769596,9
689.0,Texas,2022,1.1140354437389743,0.09042833335347901,22.6,27.453933356013646,14
690.0,Texas,2019,0.8912285005292941,-0.1618571478814039,33.8,25.247815749517475,10
690.0,Texas,2021,0.8912285005292941,-0.04290868019009158,30.9,26.357300210355042,9
690.0,Texas,2022,0.8912285005292941,0.06073573825390632,22.6,21.3650890250381,14
691.0,Texas,2019,0.2228070955694006,-0.18920503783882198,33.8,6.105999427004473,10
691.0,Texas,2021,0.2228070955694006,-0.09373667263104823,30.9,6.239386703577034,9
691.0,Texas,2022,0.2228070955694006,0.05600069626961576,22.6,5.317428526045211,14
692.0,Texas,2019,6.238609129282084,0.09833492783877888,33.8,231.60038200446417,13
692.0,Texas,2021,6.238609129282084,0.13046571406500235,30.9,217.92329207488507,10
692.0,Texas,2022,6.238609129282084,0.3044715233973047,22.6,183.9207877774615,14
693.0,Texas,2019,0.4456140416015091,0.026482837342694035,33.8,15.460632603460745,11
693.0,Texas,2021,0.4456140416015091,-0.03854989893194205,30.9,13.238662058855104,9
693.0,Texas,2022,0.4456140416015091,0.19220135344887462,22.6,12.006513595397015,14
694.0,Texas,2019,0.2228100273500172,0.25764957802468635,33.8,9.471332466422927,12
694.0,Texas,2021,0.2228100273500172,-0.05501055630791549,30.9,6.506091525250386,10
694.0,Texas,2022,0.2228100273500172,-0.13737941634804196,22.6,4.343731657897681,14
695.0,Texas,2019,0.8912401199379354,0.18075860553833653,33.8,35.56907311315949,12
695.0,Texas,2021,0.8912401199379354,0.1886067144139732,30.9,32.73342031304235,10
695.0,Texas,2022,0.8912401199379354,-0.007024466783625095,22.6,20.00053971301386,14
696.0,Texas,2019,4.456197862614911,0.14890566925368726,33.8,173.04758338339585,13
696.0,Texas,2021,4.456197862614911,0.28344005137106515,30.9,176.72522094376603,9
696.0,Texas,2022,4.456197862614911,-0.08163391121038477,22.6,92.48871464434795,13
697.0,Texas,2019,0.4456199529907441,0.04384510208966016,33.8,15.722347339911073,12
697.0,Texas,2021,0.4456199529907441,0.13404875408283867,30.9,15.61546185174344,9
697.0,Texas,2022,0.4456199529907441,-0.08347850678805019,22.6,9.230297982674614,14
698.0,Texas,2019,2.0052890300355197,0.11661419086496315,33.8,75.68273554505424,12
698.0,Texas,2021,2.0052890300355197,0.12981022604170608,30.9,70.00691801617457,9
698.0,Texas,2022,2.0052890300355197,-0.07026621706497267,22.6,42.1351000004706,14
699.0,Texas,2019,0.2228098813186125,0.20607608701213576,33.8,9.082927639523598,13
699.0,Texas,2021,0.2228098813186125,0.2700205642006187,30.9,8.743869753515678,9
699.0,Texas,2022,0.2228098813186125,0.08281767294674376,22.6,5.4525319846965,13
700.0,Texas,2019,0.2228152592252253,0.03111595887739597,33.8,7.76549489479644,11
700.0,Texas,2021,0.2228152592252253,-0.2991456441010771,30.9,4.825376290152276,9
700.0,Texas,2022,0.2228152592252253,-0.1745778902714025,22.6,4.156516094496662,13
701.0,Texas,2019,0.2228153198776475,0.10446205568707774,33.8,8.317878038595643,12
701.0,Texas,2021,0.2228153198776475,-0.14498973899415338,30.9,5.886739990464878,8
701.0,Texas,2022,0.2228153198776475,-0.1654785389133831,22.6,4.202338158307144,14
702.0,Texas,2019,0.2228153120641752,0.24376742097287551,33.8,9.367008400129205,11
702.0,Texas,2021,0.2228153120641752,0.057364350385519555,30.9,7.2799463018275175,8
702.0,Texas,2022,0.2228153120641752,-0.015005496352219523,22.6,4.960063984286174,14
703.0,Texas,2019,0.2228153705289625,0.3800393903243521,33.8,10.393296797769318,11
703.0,Texas,2021,0.2228153705289625,-0.06393674405645045,30.9,6.44479078943872,9
703.0,Texas,2022,0.2228153705289625,-0.12441969278606592,22.6,4.409096163102023,14
704.0,Texas,2019,0.2228132252305996,-0.34552008933490064,33.8,4.928945155344681,11
704.0,Texas,2021,0.2228132252305996,-0.4381947396304983,30.9,3.867989138246363,9
704.0,Texas,2022,0.2228132252305996,-0.24876651178100598,22.6,3.782895494895554,14
705.0,Texas,2019,0.222813218701818,-0.17720002896223755,33.8,6.1965779944404025,13
705.0,Texas,2021,0.222813218701818,-0.24188022960456645,30.9,5.219600381681654,9
705.0,Texas,2022,0.222813218701818,-0.07399575460594685,22.6,4.662967293720215,14
706.0,Texas,2019,0.6684393492487455,-0.0876090413667449,33.8,20.61387703034472,13
706.0,Texas,2021,0.6684393492487455,-0.26272327785667715,30.9,15.228285466101083,10
706.0,Texas,2022,0.6684393492487455,-0.13817530629240812,22.6,13.019352345881888,14
